id_contrato;descricao;cnpj_fornecedor;data_inicio;data_fim;valor_contratado;esteira_expressa
CT-0000-1;Passagens - Alfa Soluções Ltda;50255870000154;2021-12-21;2027-11-01;127811,34;Não
CT-0000-2;Passagens - Alfa Soluções Ltda;50255870000154;2023-01-26;2027-02-24;122262,5;Não
CT-0001-1;Armazenagem - Beta Soluções Ltda;65995407000170;2023-01-07;2027-02-24;368960,78;Não
CT-0002-1;Controle de acesso - Gama Soluções Ltda;73860917000134;2021-04-28;2026-09-07;587122,78;Não
CT-0003-1;Design - Delta Soluções Ltda;68988174000122;2021-01-23;2026-10-02;3419488,68;Sim
CT-0004-1;Consultoria - Sigma Soluções Ltda;22423394000114;2021-09-04;2026-12-11;125793,6;Não
CT-0004-2;Consultoria - Sigma Soluções Ltda;22423394000114;2021-12-09;2026-10-15;100087,89;Não
CT-0005-1;Armazenagem - Ômega Soluções Ltda;40550650000135;2020-10-13;2026-11-06;553366,32;Sim
CT-0005-2;Armazenagem - Ômega Soluções Ltda;40550650000135;2022-05-03;2028-06-08;167170,91;Sim
CT-0006-1;Passagens - Atlas Soluções Ltda;79284892000179;2022-10-16;2027-01-15;140852,47;Não
CT-0007-1;Vigilância - Vértice Soluções Ltda;28800525000180;2021-05-10;2026-10-02;3777601,01;Não
CT-0008-1;Mobiliário - Horizonte Soluções Ltda;18037316000133;2022-05-09;2026-12-11;138011,04;Não
CT-0010-1;Consultoria - Núcleo Soluções Ltda;99364834000198;2022-07-11;2027-03-21;200121,97;Não
CT-0011-1;Serviços de TI - Aurora Soluções Ltda;81740805000141;2022-02-02;2026-10-02;6740151,83;Não
CT-0013-1;Engenharia - Órbita Soluções Ltda;41147777000130;2021-10-09;2026-10-02;182221,47;Não
CT-0014-1;Brindes - Vetor Soluções Ltda;22380894000186;2022-06-25;2027-03-21;744984,15;Sim
CT-0015-1;Passagens - Pilar Soluções Ltda;39648934000155;2021-10-01;2026-10-02;323695,68;Não
CT-0015-2;Passagens - Pilar Soluções Ltda;39648934000155;2020-11-15;2027-03-21;519074,11;Não
CT-0016-1;Software - Rota Soluções Ltda;70990269000134;2021-04-15;2026-11-06;268484,6;Não
CT-0016-2;Software - Rota Soluções Ltda;70990269000134;2022-04-10;2027-11-01;368167,88;Sim
CT-0017-1;Brindes - Elo Soluções Ltda;29071153000115;2022-04-09;2026-10-15;34148,9;Sim
CT-0018-1;Mobiliário - Farol Soluções Ltda;18234502000167;2020-09-04;2026-09-07;226680,25;Sim
CT-0018-2;Mobiliário - Farol Soluções Ltda;18234502000167;2022-07-22;2027-06-14;673543,48;Não
CT-0019-1;Impressão - Âncora Soluções Ltda;71404459000115;2022-06-18;2026-10-02;8644526,39;Não
CT-0021-1;Combate a incêndio - Cume Soluções Ltda;20508019000192;2022-05-16;2026-11-06;297590,2;Não
CT-0021-2;Combate a incêndio - Cume Soluções Ltda;20508019000192;2022-04-03;2027-06-14;430299,45;Não
CT-0022-1;Auditoria - Sol Soluções Ltda;23318849000164;2021-09-16;2026-12-11;300310,76;Não
CT-0023-1;Combate a incêndio - Mar Soluções Ltda;61034556000167;2022-07-25;2027-06-14;35844,08;Não
CT-0024-1;Software - Alfa Serviços Ltda;45469721000198;2021-05-05;2027-11-01;220879,36;Não
CT-0025-1;BPO - Beta Serviços Ltda;95040312000120;2021-09-27;2026-09-07;89747,65;Não
CT-0025-2;BPO - Beta Serviços Ltda;95040312000120;2022-01-21;2028-06-08;185920,45;Não
CT-0026-1;Hospedagem - Gama Serviços Ltda;17112099000162;2022-01-09;2027-11-01;303132,06;Não
CT-0027-1;Manutenção predial - Delta Serviços Ltda;24553071000132;2023-01-18;2027-01-15;368182,89;Não
CT-0027-2;Manutenção predial - Delta Serviços Ltda;24553071000132;2022-04-09;2027-06-14;1028459,71;Sim
CT-0028-1;Manutenção predial - Sigma Serviços Ltda;57860228000164;2021-10-20;2027-01-15;1662540,41;Não
CT-0030-1;Controle de acesso - Atlas Serviços Ltda;35602887000121;2022-03-04;2028-06-08;3216748,81;Não
CT-0031-1;Vigilância - Vértice Serviços Ltda;58430664000182;2022-10-11;2027-03-21;501982,21;Sim
CT-0032-1;BPO - Horizonte Serviços Ltda;46816231000170;2023-01-23;2026-09-07;203591,15;Não
CT-0035-1;Armazenagem - Aurora Serviços Ltda;20057705000155;2021-12-04;2026-10-02;170306,71;Sim
CT-0036-1;Pesquisa de mercado - Zênite Serviços Ltda;47525346000151;2022-01-23;2026-10-15;189440,34;Não
CT-0037-1;Eventos - Órbita Serviços Ltda;32266689000172;2022-04-11;2027-01-15;767644,32;Não
CT-0037-2;Eventos - Órbita Serviços Ltda;32266689000172;2021-03-13;2026-10-15;115698,67;Não
CT-0039-1;Telecom - Pilar Serviços Ltda;88608956000143;2021-04-13;2026-10-02;454712,89;Não
CT-0040-1;Eventos - Rota Serviços Ltda;26842780000148;2021-05-10;2027-03-21;161870,22;Não
CT-0041-1;Brindes - Elo Serviços Ltda;79498482000118;2020-12-03;2026-11-06;941131,49;Não
CT-0042-1;Brindes - Farol Serviços Ltda;19740333000176;2022-04-06;2026-10-15;3559221,86;Não
CT-0043-1;Obras civis - Âncora Serviços Ltda;58258469000187;2022-05-24;2026-09-07;583628,41;Não
CT-0043-2;Obras civis - Âncora Serviços Ltda;58258469000187;2022-05-26;2027-01-15;315735,37;Sim
CT-0047-1;Obras civis - Mar Serviços Ltda;89036101000184;2020-11-24;2026-10-15;19486724,23;Não
CT-0048-1;Design - Alfa Tecnologia Ltda;44886436000186;2022-11-08;2027-01-15;413173,99;Sim
CT-0049-1;Impressão - Beta Tecnologia Ltda;38620038000177;2022-08-11;2026-10-15;71882,76;Não
CT-0050-1;Energia elétrica - Gama Tecnologia Ltda;23239273000122;2022-10-29;2027-01-15;150414,82;Não
CT-0051-1;Software - Delta Tecnologia Ltda;53442332000198;2021-04-11;2027-03-21;1199636,72;Sim
CT-0052-1;Mídia - Sigma Tecnologia Ltda;94132487000120;2020-12-04;2026-10-15;98359,91;Sim
CT-0052-2;Mídia - Sigma Tecnologia Ltda;94132487000120;2021-02-19;2027-02-24;738213,67;Não
CT-0054-1;Mobiliário - Atlas Tecnologia Ltda;36837611000125;2021-08-07;2028-06-08;213458,03;Não
CT-0054-2;Mobiliário - Atlas Tecnologia Ltda;36837611000125;2021-10-28;2028-06-08;1861584,14;Sim
CT-0055-1;Controle de acesso - Vértice Tecnologia Ltda;81881416000138;2022-09-26;2027-11-01;495567,92;Não
CT-0056-1;Brindes - Horizonte Tecnologia Ltda;84877410000137;2022-06-09;2027-03-21;215744,74;Não
CT-0057-1;Auditoria - Prisma Tecnologia Ltda;87429801000136;2022-06-27;2027-02-24;94611,01;Não
CT-0058-1;Armazenagem - Núcleo Tecnologia Ltda;54980217000142;2022-12-25;2028-06-08;401857,93;Não
CT-0059-1;Impressão - Aurora Tecnologia Ltda;64839620000163;2023-01-13;2026-10-02;44771,22;Não
CT-0060-1;Pesquisa de mercado - Zênite Tecnologia Ltda;63697608000154;2022-03-28;2026-11-06;1433401,57;Não
CT-0060-2;Pesquisa de mercado - Zênite Tecnologia Ltda;63697608000154;2022-04-09;2026-11-06;853071,21;Sim
CT-0062-1;Engenharia - Vetor Tecnologia Ltda;77838462000166;2022-12-16;2027-06-14;198160,19;Não
CT-0063-1;BPO - Pilar Tecnologia Ltda;35336070000195;2022-07-14;2026-12-11;206449,31;Não
CT-0066-1;BPO - Farol Tecnologia Ltda;92896098000139;2022-06-22;2026-09-07;142481,23;Não
CT-0067-1;Controle de acesso - Âncora Tecnologia Ltda;45844445000131;2020-11-15;2027-06-14;1716935,22;Não
CT-0068-1;Vigilância - Lume Tecnologia Ltda;98234613000179;2022-12-30;2026-12-11;3038452,33;Não
CT-0069-1;Design - Cume Tecnologia Ltda;21060165000160;2021-10-07;2027-01-15;607838,65;Não
CT-0069-2;Design - Cume Tecnologia Ltda;21060165000160;2021-06-08;2027-11-01;170047,12;Não
CT-0070-1;Controle de acesso - Sol Tecnologia Ltda;43496298000137;2022-03-26;2027-02-24;276374,5;Não
CT-0071-1;Software - Mar Tecnologia Ltda;78433163000132;2022-06-08;2026-11-06;141515,27;Não
CT-0072-1;Software - Alfa Sistemas Ltda;97439594000196;2021-10-13;2026-12-11;432190,08;Sim
CT-0072-2;Software - Alfa Sistemas Ltda;97439594000196;2022-10-25;2026-10-15;374801,34;Não
CT-0073-1;Controle de acesso - Beta Sistemas Ltda;42702806000194;2020-11-11;2026-11-06;258272,36;Sim
CT-0073-2;Controle de acesso - Beta Sistemas Ltda;42702806000194;2021-12-20;2028-06-08;168663,81;Não
CT-0074-1;Pesquisa de mercado - Gama Sistemas Ltda;69396155000167;2022-06-07;2028-06-08;292143,69;Sim
CT-0075-1;Infraestrutura - Delta Sistemas Ltda;60204176000126;2021-09-01;2027-02-24;360960,02;Sim
CT-0075-2;Infraestrutura - Delta Sistemas Ltda;60204176000126;2022-12-27;2027-11-01;528893,24;Não
CT-0076-1;Obras civis - Sigma Sistemas Ltda;23595457000112;2021-11-22;2026-12-11;88295,1;Não
CT-0076-2;Obras civis - Sigma Sistemas Ltda;23595457000112;2022-01-01;2028-06-08;311292,69;Não
CT-0077-1;Manutenção predial - Ômega Sistemas Ltda;23570759000183;2021-08-22;2028-06-08;214851,46;Não
CT-0077-2;Manutenção predial - Ômega Sistemas Ltda;23570759000183;2021-02-18;2027-01-15;576171,76;Não
CT-0078-1;Mídia - Atlas Sistemas Ltda;12872951000177;2021-06-08;2026-10-02;3609859,44;Não
CT-0079-1;BPO - Vértice Sistemas Ltda;40743906000143;2022-07-02;2026-12-11;213824,61;Não
CT-0079-2;BPO - Vértice Sistemas Ltda;40743906000143;2021-11-15;2027-11-01;233024,7;Sim
CT-0080-1;Impressão - Horizonte Sistemas Ltda;12930232000156;2021-11-19;2027-03-21;691434,95;Sim
CT-0080-2;Impressão - Horizonte Sistemas Ltda;12930232000156;2022-05-30;2026-09-07;106388,64;Não
CT-0082-1;Armazenagem - Núcleo Sistemas Ltda;68795461000111;2022-12-22;2027-11-01;220242,11;Não
CT-0082-2;Armazenagem - Núcleo Sistemas Ltda;68795461000111;2021-09-15;2026-12-11;503800,58;Não
CT-0083-1;Brindes - Aurora Sistemas Ltda;74294372000163;2022-06-04;2027-11-01;153409,65;Não
CT-0084-1;Eventos - Zênite Sistemas Ltda;95031718000116;2022-03-28;2027-02-24;588941,83;Não
CT-0084-2;Eventos - Zênite Sistemas Ltda;95031718000116;2023-02-04;2027-11-01;527484,56;Sim
CT-0086-1;Armazenagem - Vetor Sistemas Ltda;81957829000123;2021-11-06;2026-09-07;552454,62;Não
CT-0088-1;Auditoria - Rota Sistemas Ltda;74140409000158;2021-01-23;2027-02-24;110384,82;Não
CT-0089-1;Hospedagem - Elo Sistemas Ltda;76758560000167;2020-08-24;2027-01-15;389192,06;Sim
CT-0089-2;Hospedagem - Elo Sistemas Ltda;76758560000167;2021-04-08;2027-03-21;93127,06;Sim
CT-0092-1;Impressão - Lume Sistemas Ltda;29244829000187;2022-06-25;2027-01-15;77128,95;Não
CT-0094-1;Energia elétrica - Sol Sistemas Ltda;24183623000122;2021-05-27;2026-12-11;381563,2;Não
CT-0095-1;Vigilância - Mar Sistemas Ltda;36586842000173;2021-12-15;2026-12-11;331001,9;Não
CT-0096-1;Consultoria - Alfa Consultoria Ltda;75410037000130;2021-06-03;2026-09-07;8692916,09;Sim
CT-0097-1;Obras civis - Beta Consultoria Ltda;97590513000146;2022-02-24;2026-12-11;484880,73;Sim
CT-0098-1;Software - Gama Consultoria Ltda;14930212000185;2022-07-31;2026-10-15;13903841,21;Não
CT-0099-1;Consultoria - Delta Consultoria Ltda;32299964000192;2022-07-13;2027-03-21;401628,22;Não
CT-0100-1;Energia elétrica - Sigma Consultoria Ltda;77626886000125;2022-01-27;2027-02-24;1022878,23;Não
CT-0102-1;Design - Atlas Consultoria Ltda;85346614000140;2022-04-06;2028-06-08;910118,83;Não
CT-0104-1;Armazenagem - Horizonte Consultoria Ltda;47779134000196;2022-12-24;2026-10-02;209509,06;Não
CT-0104-2;Armazenagem - Horizonte Consultoria Ltda;47779134000196;2022-03-03;2028-06-08;27280,92;Sim
CT-0105-1;Design - Prisma Consultoria Ltda;89285117000196;2021-07-21;2028-06-08;473788,61;Não
CT-0105-2;Design - Prisma Consultoria Ltda;89285117000196;2021-04-01;2027-01-15;418668,35;Sim
CT-0106-1;Impressão - Núcleo Consultoria Ltda;54444888000187;2022-06-11;2026-11-06;1185052,91;Sim
CT-0106-2;Impressão - Núcleo Consultoria Ltda;54444888000187;2022-08-22;2027-11-01;199727,96;Não
CT-0107-1;Controle de acesso - Aurora Consultoria Ltda;88419581000194;2021-06-15;2027-02-24;8003231,14;Não
CT-0108-1;Armazenagem - Zênite Consultoria Ltda;86055798000136;2021-10-04;2027-06-14;431128,03;Não
CT-0108-2;Armazenagem - Zênite Consultoria Ltda;86055798000136;2022-02-21;2027-11-01;216537,99;Não
CT-0111-1;Manutenção predial - Pilar Consultoria Ltda;22740016000166;2021-04-25;2028-06-08;292408,37;Sim
CT-0111-2;Manutenção predial - Pilar Consultoria Ltda;22740016000166;2022-08-10;2026-10-02;220829,28;Não
CT-0112-1;Auditoria - Rota Consultoria Ltda;40691936000173;2022-08-03;2028-06-08;368538,17;Não
CT-0113-1;Software - Elo Consultoria Ltda;33963997000113;2021-11-20;2026-09-07;292204,85;Não
CT-0113-2;Software - Elo Consultoria Ltda;33963997000113;2022-05-28;2027-03-21;135535,21;Sim
CT-0114-1;Vigilância - Farol Consultoria Ltda;67169809000122;2021-10-23;2028-06-08;654936,73;Sim
CT-0115-1;Mídia - Âncora Consultoria Ltda;67945545000193;2022-01-20;2026-12-11;2311942,43;Não
CT-0116-1;Eventos - Lume Consultoria Ltda;41004910000111;2022-01-15;2027-11-01;125767,02;Não
CT-0116-2;Eventos - Lume Consultoria Ltda;41004910000111;2020-11-24;2027-03-21;447487,53;Sim
CT-0117-1;Tributos - Cume Consultoria Ltda;48699326000158;2022-11-12;2028-06-08;458405,18;Não
CT-0117-2;Tributos - Cume Consultoria Ltda;48699326000158;2022-01-12;2028-06-08;415536,47;Não
CT-0118-1;BPO - Sol Consultoria Ltda;12321213000133;2022-10-30;2027-02-24;1768360,3;Sim
CT-0119-1;Combate a incêndio - Mar Consultoria Ltda;84353470000158;2022-03-12;2027-03-21;498087,01;Não
CT-0120-1;Brindes - Alfa Engenharia Ltda;81211205000137;2021-11-20;2027-01-15;203431,84;Não
CT-0121-1;Telecom - Beta Engenharia Ltda;63336488000190;2022-08-14;2027-01-15;192299,52;Não
CT-0122-1;Auditoria - Gama Engenharia Ltda;93320277000158;2021-01-28;2026-10-15;543126,4;Sim
CT-0122-2;Auditoria - Gama Engenharia Ltda;93320277000158;2021-11-21;2027-06-14;156679,77;Não
CT-0123-1;Passagens - Delta Engenharia Ltda;35057977000146;2022-09-06;2027-02-24;598147,21;Não
CT-0124-1;Brindes - Sigma Engenharia Ltda;21761493000112;2021-11-25;2026-11-06;24720,9;Não
CT-0124-2;Brindes - Sigma Engenharia Ltda;21761493000112;2020-08-26;2026-11-06;153043,93;Sim
CT-0125-1;BPO - Ômega Engenharia Ltda;89364915000170;2021-12-16;2027-06-14;2683698,65;Não
CT-0126-1;Hospedagem - Atlas Engenharia Ltda;86885659000122;2022-10-17;2027-03-21;139913,26;Não
CT-0126-2;Hospedagem - Atlas Engenharia Ltda;86885659000122;2021-05-04;2027-06-14;231125,11;Não
CT-0127-1;Design - Vértice Engenharia Ltda;99582033000133;2022-02-22;2027-11-01;370181,8;Não
CT-0128-1;Vigilância - Horizonte Engenharia Ltda;38955278000192;2022-08-07;2027-02-24;2819940,67;Não
CT-0130-1;Tributos - Núcleo Engenharia Ltda;54718042000169;2021-09-26;2027-03-21;1659229,26;Sim
CT-0131-1;Auditoria - Aurora Engenharia Ltda;70881798000134;2022-03-02;2027-03-21;378496,72;Sim
CT-0132-1;Mídia - Zênite Engenharia Ltda;35163253000196;2022-07-27;2027-11-01;42920,7;Não
CT-0133-1;Engenharia - Órbita Engenharia Ltda;67764357000197;2022-01-12;2026-12-11;692208,81;Não
CT-0137-1;Infraestrutura - Elo Engenharia Ltda;41223932000159;2021-07-26;2028-06-08;536902,43;Não
CT-0138-1;Telecom - Farol Engenharia Ltda;62523691000115;2022-08-26;2026-10-02;132154,29;Não
CT-0140-1;Brindes - Lume Engenharia Ltda;81319583000143;2021-04-02;2027-06-14;305780,96;Não
CT-0140-2;Brindes - Lume Engenharia Ltda;81319583000143;2022-09-11;2027-11-01;462778,02;Não
CT-0142-1;Energia elétrica - Sol Engenharia Ltda;24940867000188;2021-06-11;2027-01-15;1699441,51;Sim
CT-0143-1;Obras civis - Mar Engenharia Ltda;96614526000193;2021-07-03;2027-11-01;355373,61;Não
CT-0144-1;Mídia - Alfa Logística Ltda;32761300000119;2020-08-27;2026-10-15;74752,66;Sim
CT-0145-1;Combate a incêndio - Beta Logística Ltda;33684152000113;2022-02-15;2027-03-21;169562,47;Não
CT-0146-1;Mobiliário - Gama Logística Ltda;40978618000166;2021-01-05;2027-06-14;271600,96;Sim
CT-0147-1;Combate a incêndio - Delta Logística Ltda;53682148000184;2021-10-24;2026-10-02;469430,2;Não
CT-0147-2;Combate a incêndio - Delta Logística Ltda;53682148000184;2021-12-09;2026-10-15;132569,15;Não
CT-0148-1;Infraestrutura - Sigma Logística Ltda;84413469000148;2022-07-17;2027-03-21;1784985,12;Não
CT-0148-2;Infraestrutura - Sigma Logística Ltda;84413469000148;2022-04-12;2027-01-15;3166046,39;Sim
CT-0149-1;Pesquisa de mercado - Ômega Logística Ltda;80512808000191;2021-09-25;2027-02-24;2237815,73;Não
CT-0151-1;Pesquisa de mercado - Vértice Logística Ltda;73966720000114;2022-10-15;2027-06-14;900290,2;Sim
CT-0152-1;Design - Horizonte Logística Ltda;93510545000173;2022-11-07;2027-01-15;1471836,44;Não
CT-0153-1;Software - Prisma Logística Ltda;59814114000177;2022-03-06;2026-09-07;448485,35;Não
CT-0154-1;Mídia - Núcleo Logística Ltda;83369267000189;2021-08-15;2027-02-24;2103505,52;Não
CT-0155-1;Serviços de TI - Aurora Logística Ltda;95090685000192;2021-05-25;2027-02-24;259105,99;Não
CT-0155-2;Serviços de TI - Aurora Logística Ltda;95090685000192;2021-04-24;2026-10-02;1474415,53;Não
CT-0156-1;Vigilância - Zênite Logística Ltda;58702344000191;2023-01-25;2026-10-02;917023,81;Sim
CT-0157-1;Controle de acesso - Órbita Logística Ltda;48241015000167;2020-12-10;2028-06-08;46903,83;Não
CT-0158-1;Brindes - Vetor Logística Ltda;94849589000178;2023-02-02;2026-12-11;128328,22;Não
CT-0160-1;Auditoria - Rota Logística Ltda;71078064000187;2022-08-16;2026-10-02;5644353,22;Não
CT-0162-1;Eventos - Farol Logística Ltda;94781315000120;2020-10-07;2027-11-01;132291,31;Não
CT-0162-2;Eventos - Farol Logística Ltda;94781315000120;2022-07-22;2027-06-14;1207830,75;Não
CT-0165-1;Energia elétrica - Cume Logística Ltda;61695068000111;2021-11-20;2027-06-14;695738,17;Não
CT-0166-1;Transporte de valores - Sol Logística Ltda;37537539000195;2022-07-14;2026-09-07;59116121,35;Não
CT-0167-1;BPO - Mar Logística Ltda;48213638000157;2022-07-17;2026-11-06;919391,06;Não
CT-0168-1;Auditoria - Alfa Digital Ltda;28261877000157;2020-10-17;2027-03-21;354109,34;Sim
CT-0170-1;Software - Gama Digital Ltda;81172865000127;2021-10-15;2027-06-14;1013173,73;Não
CT-0171-1;Consultoria - Delta Digital Ltda;31205948000143;2022-02-21;2027-06-14;170678,5;Não
CT-0171-2;Consultoria - Delta Digital Ltda;31205948000143;2022-06-30;2026-09-07;78720,08;Não
CT-0172-1;BPO - Sigma Digital Ltda;63125603000137;2021-01-11;2027-03-21;298431,17;Não
CT-0172-2;BPO - Sigma Digital Ltda;63125603000137;2021-10-06;2026-09-07;154868,56;Não
CT-0173-1;Auditoria - Ômega Digital Ltda;55698939000111;2023-01-18;2027-02-24;31009,6;Não
CT-0173-2;Auditoria - Ômega Digital Ltda;55698939000111;2022-01-27;2027-02-24;201833,04;Não
CT-0175-1;Serviços de TI - Vértice Digital Ltda;20324076000112;2021-02-21;2026-11-06;603832,01;Sim
CT-0175-2;Serviços de TI - Vértice Digital Ltda;20324076000112;2022-03-24;2026-12-11;353736,42;Sim
CT-0176-1;BPO - Horizonte Digital Ltda;45530762000189;2022-05-22;2027-06-14;527372,22;Não
CT-0176-2;BPO - Horizonte Digital Ltda;45530762000189;2022-02-03;2026-09-07;112098,42;Não
CT-0177-1;Mobiliário - Prisma Digital Ltda;66973050000134;2022-12-06;2026-11-06;4320614,89;Não
CT-0178-1;Infraestrutura - Núcleo Digital Ltda;26584203000142;2020-11-25;2027-02-24;908151,99;Sim
CT-0178-2;Infraestrutura - Núcleo Digital Ltda;26584203000142;2021-07-03;2027-02-24;1487682,56;Não
CT-0180-1;Auditoria - Zênite Digital Ltda;64339582000129;2022-05-02;2027-06-14;688467,26;Sim
CT-0182-1;Controle de acesso - Vetor Digital Ltda;92468683000178;2021-09-16;2027-01-15;223482,76;Não
CT-0183-1;Serviços de TI - Pilar Digital Ltda;16084281000144;2022-08-28;2026-10-02;1184588,22;Não
CT-0184-1;Armazenagem - Rota Digital Ltda;89757692000173;2020-09-24;2026-10-02;1308208,1;Não
CT-0186-1;Design - Farol Digital Ltda;46089391000183;2021-07-16;2026-11-06;95148,44;Sim
CT-0187-1;Energia elétrica - Âncora Digital Ltda;32033128000183;2022-10-07;2027-06-14;1369649,07;Sim
CT-0189-1;Design - Cume Digital Ltda;26584498000127;2020-12-15;2027-06-14;2922867,84;Não
CT-0190-1;Tributos - Sol Digital Ltda;34436961000178;2022-09-26;2027-02-24;710967,85;Não
CT-0191-1;Armazenagem - Mar Digital Ltda;37272561000135;2022-07-11;2027-11-01;145839,56;Não
CT-0193-1;Manutenção predial - Beta Comercial Ltda;88666006000132;2022-03-26;2027-02-24;199631,59;Não
CT-0193-2;Manutenção predial - Beta Comercial Ltda;88666006000132;2022-11-23;2027-03-21;223418,28;Não
CT-0195-1;Manutenção predial - Delta Comercial Ltda;54265445000139;2021-05-08;2026-11-06;111843,79;Sim
CT-0197-1;Infraestrutura - Ômega Comercial Ltda;75698412000150;2022-04-14;2028-06-08;1217075,18;Não
CT-0198-1;Energia elétrica - Atlas Comercial Ltda;69413370000187;2022-02-22;2026-09-07;149854,96;Não
CT-0199-1;Eventos - Vértice Comercial Ltda;22323851000110;2021-09-14;2027-02-24;155990,07;Sim
CT-0200-1;BPO - Horizonte Comercial Ltda;29716687000133;2022-07-08;2027-02-24;1848434,96;Não
CT-0200-2;BPO - Horizonte Comercial Ltda;29716687000133;2023-01-01;2028-06-08;2139991,43;Não
CT-0202-1;Mídia - Núcleo Comercial Ltda;93889930000168;2022-03-23;2027-02-24;1437057,18;Não
CT-0204-1;Auditoria - Zênite Comercial Ltda;83702245000134;2021-02-05;2027-02-24;345292,96;Sim
CT-0205-1;Telecom - Órbita Comercial Ltda;71032239000193;2020-10-29;2026-10-02;251163,24;Sim
CT-0206-1;Impressão - Vetor Comercial Ltda;95330271000118;2021-05-05;2026-12-11;33264,63;Não
CT-0207-1;Pesquisa de mercado - Pilar Comercial Ltda;79142854000118;2021-07-18;2026-09-07;241536,49;Não
CT-0208-1;BPO - Rota Comercial Ltda;81735305000165;2022-11-15;2026-09-07;4500971,01;Sim
CT-0208-2;BPO - Rota Comercial Ltda;81735305000165;2022-05-06;2027-06-14;2930275,61;Não
CT-0209-1;BPO - Elo Comercial Ltda;49001005000130;2021-02-05;2026-11-06;3097389,75;Não
CT-0210-1;Pesquisa de mercado - Farol Comercial Ltda;85964343000174;2022-07-13;2028-06-08;749970,08;Não
CT-0212-1;BPO - Lume Comercial Ltda;79111805000195;2022-02-16;2027-03-21;544506,23;Sim
CT-0213-1;BPO - Cume Comercial Ltda;24663005000188;2020-10-18;2027-03-21;145510,27;Não
CT-0214-1;Design - Sol Comercial Ltda;92750645000139;2021-04-24;2026-11-06;393285,74;Não
CT-0215-1;Software - Mar Comercial Ltda;24375078000177;2021-11-29;2027-01-15;1146692,45;Não
CT-0215-2;Software - Mar Comercial Ltda;24375078000177;2021-12-24;2027-02-24;718413,99;Não
CT-0216-1;Mídia - Alfa Soluções 2 Ltda;11061448000119;2021-02-07;2027-06-14;1020620,69;Não
CT-0218-1;Mídia - Gama Soluções 2 Ltda;67236503000195;2022-08-18;2027-01-15;68203,92;Não
CT-0219-1;Auditoria - Delta Soluções 2 Ltda;67278444000145;2021-05-09;2027-11-01;209168,21;Sim
CT-0220-1;Manutenção predial - Sigma Soluções 2 Ltda;78636626000148;2021-11-21;2027-01-15;30564195,93;Não
CT-0220-2;Manutenção predial - Sigma Soluções 2 Ltda;78636626000148;2021-12-27;2026-12-11;25962460,6;Não
CT-0221-1;Controle de acesso - Ômega Soluções 2 Ltda;24925287000119;2021-11-23;2027-02-24;437345,86;Não
CT-0221-2;Controle de acesso - Ômega Soluções 2 Ltda;24925287000119;2022-12-24;2027-02-24;33381,35;Sim
CT-0222-1;Consultoria - Atlas Soluções 2 Ltda;39020485000131;2020-11-30;2026-12-11;383503,58;Não
CT-0223-1;Passagens - Vértice Soluções 2 Ltda;82329674000124;2021-11-12;2027-03-21;610084,65;Sim
CT-0223-2;Passagens - Vértice Soluções 2 Ltda;82329674000124;2020-12-15;2027-11-01;526959,7;Sim
CT-0224-1;Design - Horizonte Soluções 2 Ltda;39174823000159;2022-10-11;2026-11-06;2116134,95;Não
CT-0225-1;Vigilância - Prisma Soluções 2 Ltda;84757181000141;2022-09-01;2026-10-15;293303,84;Sim
CT-0226-1;Passagens - Núcleo Soluções 2 Ltda;50031646000134;2021-07-04;2027-11-01;1739270,86;Sim
CT-0227-1;Passagens - Aurora Soluções 2 Ltda;34892164000154;2020-09-10;2028-06-08;111150,58;Não
CT-0227-2;Passagens - Aurora Soluções 2 Ltda;34892164000154;2020-09-09;2028-06-08;67150,81;Não
CT-0229-1;Passagens - Órbita Soluções 2 Ltda;28120629000181;2020-10-10;2027-03-21;108979,37;Não
CT-0230-1;Tributos - Vetor Soluções 2 Ltda;18703265000167;2021-05-17;2026-11-06;919229,53;Não
CT-0231-1;Auditoria - Pilar Soluções 2 Ltda;24327349000149;2021-05-31;2026-09-07;5480730,2;Não
CT-0231-2;Auditoria - Pilar Soluções 2 Ltda;24327349000149;2021-06-04;2027-11-01;8016335,1;Não
CT-0232-1;Transporte de valores - Rota Soluções 2 Ltda;25207930000119;2022-01-12;2027-11-01;184036,08;Sim
CT-0233-1;Energia elétrica - Elo Soluções 2 Ltda;85768844000195;2022-12-10;2026-12-11;160298,97;Não
CT-0235-1;Engenharia - Âncora Soluções 2 Ltda;96451584000126;2023-01-04;2026-09-07;192189,72;Não
CT-0236-1;Armazenagem - Lume Soluções 2 Ltda;11679658000110;2021-09-21;2026-11-06;200267,25;Não
CT-0236-2;Armazenagem - Lume Soluções 2 Ltda;11679658000110;2021-01-19;2026-11-06;198183,78;Não
CT-0237-1;Telecom - Cume Soluções 2 Ltda;29377533000128;2022-11-24;2027-01-15;502610,46;Não
CT-0238-1;Obras civis - Sol Soluções 2 Ltda;46551462000116;2021-10-08;2026-10-15;415493,64;Não
CT-0239-1;Manutenção predial - Mar Soluções 2 Ltda;51923116000138;2021-04-07;2026-09-07;163357,96;Não
CT-0240-1;Controle de acesso - Alfa Serviços 2 Ltda;57096713000124;2020-10-19;2027-06-14;156024,4;Não
CT-0240-2;Controle de acesso - Alfa Serviços 2 Ltda;57096713000124;2021-05-14;2026-09-07;46476,97;Não
CT-0241-1;Transporte de valores - Beta Serviços 2 Ltda;95801983000131;2021-12-12;2026-10-15;290284,07;Não
CT-0242-1;Vigilância - Gama Serviços 2 Ltda;52615675000157;2022-10-08;2027-03-21;2818372,1;Não
CT-0244-1;Transporte de valores - Sigma Serviços 2 Ltda;38368150000168;2022-09-20;2027-02-24;266163,76;Sim
CT-0244-2;Transporte de valores - Sigma Serviços 2 Ltda;38368150000168;2020-11-13;2026-10-15;252654,96;Não
CT-0245-1;Passagens - Ômega Serviços 2 Ltda;14958774000134;2022-12-08;2026-09-07;177771,17;Não
CT-0246-1;Mobiliário - Atlas Serviços 2 Ltda;24781501000188;2021-02-01;2027-06-14;1164283,0;Não
CT-0247-1;Transporte de valores - Vértice Serviços 2 Ltda;22917448000157;2022-12-28;2027-11-01;591452,34;Sim
CT-0247-2;Transporte de valores - Vértice Serviços 2 Ltda;22917448000157;2022-10-03;2027-03-21;315446,49;Não
CT-0248-1;Impressão - Horizonte Serviços 2 Ltda;92135003000177;2021-12-15;2026-10-02;326908,54;Não
CT-0249-1;Combate a incêndio - Prisma Serviços 2 Ltda;30759939000117;2022-09-16;2027-03-21;288549,87;Não
CT-0252-1;Impressão - Zênite Serviços 2 Ltda;61745448000115;2022-07-29;2027-01-15;188344,74;Sim
CT-0253-1;Telecom - Órbita Serviços 2 Ltda;32300836000169;2022-11-13;2027-01-15;133269,55;Não
CT-0254-1;Design - Vetor Serviços 2 Ltda;35276508000155;2023-01-20;2026-10-02;878081,49;Não
CT-0255-1;Consultoria - Pilar Serviços 2 Ltda;49364721000145;2021-12-13;2026-09-07;121971,24;Sim
CT-0257-1;Tributos - Elo Serviços 2 Ltda;63164894000142;2021-09-02;2027-02-24;42691,66;Não
CT-0259-1;Passagens - Âncora Serviços 2 Ltda;20144440000163;2022-05-17;2026-10-15;1355844,3;Não
CT-0260-1;Mobiliário - Lume Serviços 2 Ltda;81444242000171;2022-06-22;2026-12-11;1518387,4;Sim
CT-0260-2;Mobiliário - Lume Serviços 2 Ltda;81444242000171;2020-11-22;2027-11-01;964968,81;Não
CT-0261-1;Impressão - Cume Serviços 2 Ltda;85154661000178;2020-10-25;2026-10-15;6197522,7;Não
CT-0262-1;Combate a incêndio - Sol Serviços 2 Ltda;69151478000127;2021-02-11;2026-10-02;59179,56;Não
CT-0262-2;Combate a incêndio - Sol Serviços 2 Ltda;69151478000127;2021-11-07;2026-09-07;60481,32;Não
CT-0264-1;Telecom - Alfa Tecnologia 2 Ltda;40008767000131;2021-07-24;2027-11-01;533190,89;Sim
CT-0265-1;Telecom - Beta Tecnologia 2 Ltda;87954991000146;2021-01-03;2028-06-08;169260,17;Não
CT-0266-1;Obras civis - Gama Tecnologia 2 Ltda;44036004000115;2022-09-02;2027-06-14;800964,55;Sim
CT-0266-2;Obras civis - Gama Tecnologia 2 Ltda;44036004000115;2023-01-06;2027-03-21;45593,3;Não
CT-0268-1;Eventos - Sigma Tecnologia 2 Ltda;77888358000198;2020-08-29;2027-01-15;3296739,67;Não
CT-0269-1;Consultoria - Ômega Tecnologia 2 Ltda;96405621000127;2021-08-04;2028-06-08;358951,01;Sim
CT-0269-2;Consultoria - Ômega Tecnologia 2 Ltda;96405621000127;2021-09-23;2027-11-01;268469,4;Não
CT-0270-1;Engenharia - Atlas Tecnologia 2 Ltda;27866714000119;2021-12-02;2026-12-11;130342,05;Sim
CT-0271-1;Software - Vértice Tecnologia 2 Ltda;90872708000162;2021-06-09;2026-10-15;240545,96;Não
CT-0272-1;Pesquisa de mercado - Horizonte Tecnologia 2 Ltda;79059791000179;2021-11-23;2026-10-15;4666144,4;Não
CT-0273-1;Armazenagem - Prisma Tecnologia 2 Ltda;92201165000168;2022-12-17;2027-06-14;1791783,48;Sim
CT-0274-1;Pesquisa de mercado - Núcleo Tecnologia 2 Ltda;55328876000152;2021-12-16;2027-06-14;10032845,72;Não
CT-0275-1;Controle de acesso - Aurora Tecnologia 2 Ltda;93047518000189;2022-12-03;2028-06-08;416091,07;Sim
CT-0276-1;Consultoria - Zênite Tecnologia 2 Ltda;65792697000126;2022-02-21;2027-11-01;32499,31;Não
CT-0277-1;Infraestrutura - Órbita Tecnologia 2 Ltda;86961015000175;2020-12-07;2028-06-08;158885,22;Não
CT-0277-2;Infraestrutura - Órbita Tecnologia 2 Ltda;86961015000175;2022-05-13;2026-12-11;103767,9;Não
CT-0278-1;Telecom - Vetor Tecnologia 2 Ltda;87333521000145;2022-05-13;2026-10-15;292948,03;Não
CT-0279-1;Eventos - Pilar Tecnologia 2 Ltda;54430467000198;2023-01-28;2027-03-21;691723,95;Não
CT-0283-1;Hospedagem - Âncora Tecnologia 2 Ltda;64031251000135;2021-10-08;2026-10-15;386362,21;Sim
CT-0283-2;Hospedagem - Âncora Tecnologia 2 Ltda;64031251000135;2022-11-17;2026-12-11;2269377,21;Sim
CT-0284-1;Manutenção predial - Lume Tecnologia 2 Ltda;40945386000151;2021-12-09;2027-06-14;2908862,39;Não
CT-0285-1;Combate a incêndio - Cume Tecnologia 2 Ltda;18662038000198;2022-09-19;2026-10-15;355796,76;Não
CT-0285-2;Combate a incêndio - Cume Tecnologia 2 Ltda;18662038000198;2021-12-20;2027-11-01;241248,9;Não
CT-0286-1;Vigilância - Sol Tecnologia 2 Ltda;56339401000137;2021-11-20;2026-11-06;106931,55;Não
CT-0288-1;Energia elétrica - Alfa Sistemas 2 Ltda;95718027000124;2021-04-20;2027-02-24;116782,8;Não
CT-0289-1;Impressão - Beta Sistemas 2 Ltda;42656345000114;2022-08-27;2026-10-15;188561,24;Não
CT-0289-2;Impressão - Beta Sistemas 2 Ltda;42656345000114;2023-01-10;2026-10-15;428792,32;Não
CT-0291-1;Passagens - Delta Sistemas 2 Ltda;15975810000161;2022-02-28;2026-09-07;315305,54;Não
CT-0293-1;Design - Ômega Sistemas 2 Ltda;39941034000193;2021-01-29;2027-02-24;318756,98;Não
CT-0294-1;Passagens - Atlas Sistemas 2 Ltda;81135945000190;2023-01-15;2027-02-24;2919169,41;Não
CT-0295-1;Brindes - Vértice Sistemas 2 Ltda;32749526000170;2021-10-26;2027-06-14;1237151,85;Não
CT-0296-1;Energia elétrica - Horizonte Sistemas 2 Ltda;60229589000177;2023-01-18;2026-11-06;134976,53;Não
CT-0297-1;Engenharia - Prisma Sistemas 2 Ltda;52691274000170;2022-03-11;2026-10-02;625953,51;Sim
CT-0298-1;Infraestrutura - Núcleo Sistemas 2 Ltda;69731297000182;2022-01-11;2027-11-01;30367,24;Não
CT-0298-2;Infraestrutura - Núcleo Sistemas 2 Ltda;69731297000182;2022-07-18;2026-12-11;367753,73;Não
CT-0299-1;Combate a incêndio - Aurora Sistemas 2 Ltda;36972242000142;2021-09-30;2026-12-11;1506686,66;Não
CT-0300-1;Engenharia - Zênite Sistemas 2 Ltda;28703494000130;2022-09-14;2027-02-24;259863,53;Não
CT-0301-1;Infraestrutura - Órbita Sistemas 2 Ltda;73493951000142;2021-01-04;2026-11-06;194263,48;Não
CT-0302-1;Energia elétrica - Vetor Sistemas 2 Ltda;90693192000157;2023-02-04;2026-10-15;7151294,1;Não
CT-0302-2;Energia elétrica - Vetor Sistemas 2 Ltda;90693192000157;2022-06-24;2026-09-07;2955212,7;Não
CT-0303-1;Tributos - Pilar Sistemas 2 Ltda;21104258000155;2021-06-15;2027-06-14;363064,45;Não
CT-0303-2;Tributos - Pilar Sistemas 2 Ltda;21104258000155;2020-10-14;2026-10-15;441691,34;Não
CT-0305-1;Passagens - Elo Sistemas 2 Ltda;78871512000169;2022-04-28;2027-11-01;108035,74;Não
CT-0306-1;Energia elétrica - Farol Sistemas 2 Ltda;51049583000194;2022-03-06;2027-06-14;464063,22;Não
CT-0306-2;Energia elétrica - Farol Sistemas 2 Ltda;51049583000194;2022-08-12;2027-03-21;427053,63;Sim
CT-0308-1;Consultoria - Lume Sistemas 2 Ltda;43895960000119;2022-04-28;2028-06-08;312098,33;Não
CT-0308-2;Consultoria - Lume Sistemas 2 Ltda;43895960000119;2020-10-08;2026-10-15;324578,28;Não
CT-0309-1;Telecom - Cume Sistemas 2 Ltda;19555101000116;2021-08-10;2026-11-06;483811,47;Sim
CT-0310-1;Infraestrutura - Sol Sistemas 2 Ltda;29997646000168;2022-10-31;2028-06-08;216777,31;Não
CT-0310-2;Infraestrutura - Sol Sistemas 2 Ltda;29997646000168;2020-12-26;2026-10-15;133454,66;Sim
CT-0311-1;Infraestrutura - Mar Sistemas 2 Ltda;86104453000118;2022-02-10;2027-11-01;122793,65;Não
CT-0312-1;Mobiliário - Alfa Consultoria 2 Ltda;74983722000166;2022-03-06;2026-09-07;150559,89;Sim
CT-0314-1;Pesquisa de mercado - Gama Consultoria 2 Ltda;33472357000137;2023-01-10;2026-10-02;142760,94;Não
CT-0315-1;Energia elétrica - Delta Consultoria 2 Ltda;32751592000194;2021-07-14;2026-09-07;203826,51;Não
CT-0316-1;Controle de acesso - Sigma Consultoria 2 Ltda;69197807000168;2022-01-05;2027-06-14;404897,82;Não
CT-0318-1;Energia elétrica - Atlas Consultoria 2 Ltda;53127265000139;2020-12-11;2027-03-21;2293578,07;Não
CT-0318-2;Energia elétrica - Atlas Consultoria 2 Ltda;53127265000139;2023-01-12;2027-02-24;1570332,03;Não
CT-0319-1;Brindes - Vértice Consultoria 2 Ltda;23242990000180;2021-08-17;2028-06-08;368450,08;Não
CT-0319-2;Brindes - Vértice Consultoria 2 Ltda;23242990000180;2022-05-17;2026-11-06;158092,47;Não
CT-0320-1;BPO - Horizonte Consultoria 2 Ltda;59652792000116;2020-12-04;2027-03-21;64461,71;Sim
CT-0321-1;Brindes - Prisma Consultoria 2 Ltda;95643746000192;2022-11-23;2027-03-21;328130,78;Não
CT-0321-2;Brindes - Prisma Consultoria 2 Ltda;95643746000192;2021-09-29;2027-01-15;431892,9;Não
CT-0322-1;Tributos - Núcleo Consultoria 2 Ltda;63568371000170;2020-11-22;2026-10-02;266664,12;Não
CT-0322-2;Tributos - Núcleo Consultoria 2 Ltda;63568371000170;2020-11-05;2026-10-15;686593,79;Não
CT-0323-1;Pesquisa de mercado - Aurora Consultoria 2 Ltda;87179575000131;2020-10-24;2027-02-24;1348212,0;Não
CT-0325-1;Controle de acesso - Órbita Consultoria 2 Ltda;94297500000176;2021-05-04;2026-11-06;867031,56;Não
CT-0327-1;Energia elétrica - Pilar Consultoria 2 Ltda;29476067000195;2022-01-20;2026-09-07;145920,68;Não
CT-0328-1;Auditoria - Rota Consultoria 2 Ltda;81338649000117;2021-02-17;2028-06-08;1311571,7;Não
CT-0329-1;Hospedagem - Elo Consultoria 2 Ltda;97281396000122;2022-06-08;2026-09-07;211188,18;Não
CT-0329-2;Hospedagem - Elo Consultoria 2 Ltda;97281396000122;2020-11-04;2026-10-15;146699,22;Não
CT-0330-1;Controle de acesso - Farol Consultoria 2 Ltda;39072917000136;2022-07-16;2027-06-14;215835,15;Não
CT-0331-1;Eventos - Âncora Consultoria 2 Ltda;82688796000142;2022-11-08;2027-11-01;1052564,89;Não
CT-0333-1;Eventos - Cume Consultoria 2 Ltda;50485876000158;2021-10-20;2027-03-21;83770,12;Não
CT-0333-2;Eventos - Cume Consultoria 2 Ltda;50485876000158;2022-04-21;2026-10-02;217558,95;Não
CT-0334-1;Mobiliário - Sol Consultoria 2 Ltda;36114506000168;2021-06-19;2027-06-14;1410549,97;Não
CT-0336-1;Infraestrutura - Alfa Engenharia 2 Ltda;43601995000135;2023-01-03;2027-02-24;219041,3;Não
CT-0337-1;Passagens - Beta Engenharia 2 Ltda;65708819000150;2020-11-06;2027-03-21;824874,29;Sim
CT-0337-2;Passagens - Beta Engenharia 2 Ltda;65708819000150;2022-10-30;2027-01-15;488517,86;Sim
CT-0338-1;Infraestrutura - Gama Engenharia 2 Ltda;11248511000171;2021-05-28;2026-09-07;2660734,45;Não
CT-0340-1;Serviços de TI - Sigma Engenharia 2 Ltda;21683524000184;2022-03-02;2027-11-01;123113,23;Não
CT-0343-1;Mídia - Vértice Engenharia 2 Ltda;44238602000169;2021-07-17;2026-12-11;579530,2;Não
CT-0343-2;Mídia - Vértice Engenharia 2 Ltda;44238602000169;2022-05-05;2028-06-08;514758,39;Sim
CT-0344-1;Hospedagem - Horizonte Engenharia 2 Ltda;43814010000156;2022-05-09;2026-10-02;536087,9;Não
CT-0345-1;Auditoria - Prisma Engenharia 2 Ltda;75954215000173;2021-07-06;2026-12-11;149938,7;Não
CT-0345-2;Auditoria - Prisma Engenharia 2 Ltda;75954215000173;2021-07-22;2027-03-21;341509,06;Não
CT-0346-1;Combate a incêndio - Núcleo Engenharia 2 Ltda;83042212000149;2021-12-18;2028-06-08;340075,26;Não
CT-0347-1;BPO - Aurora Engenharia 2 Ltda;93408856000133;2021-10-10;2026-10-02;94938,42;Não
CT-0347-2;BPO - Aurora Engenharia 2 Ltda;93408856000133;2022-11-02;2026-12-11;208400,68;Não
CT-0348-1;Armazenagem - Zênite Engenharia 2 Ltda;35655693000164;2021-07-05;2027-03-21;49267,62;Não
CT-0349-1;Pesquisa de mercado - Órbita Engenharia 2 Ltda;49719844000190;2021-10-31;2026-09-07;3999107,43;Sim
CT-0350-1;Mídia - Vetor Engenharia 2 Ltda;78762056000147;2022-03-13;2026-12-11;1168131,74;Não
CT-0350-2;Mídia - Vetor Engenharia 2 Ltda;78762056000147;2022-01-13;2026-10-02;755522,48;Não
CT-0351-1;Armazenagem - Pilar Engenharia 2 Ltda;94584371000155;2022-02-17;2028-06-08;346333,56;Não
CT-0352-1;Software - Rota Engenharia 2 Ltda;50027766000135;2020-10-03;2027-02-24;283750,75;Não
CT-0353-1;BPO - Elo Engenharia 2 Ltda;74537086000121;2021-02-04;2027-06-14;2441100,46;Não
CT-0356-1;Tributos - Lume Engenharia 2 Ltda;33232095000196;2023-01-30;2027-01-15;189982,0;Não
CT-0356-2;Tributos - Lume Engenharia 2 Ltda;33232095000196;2021-07-11;2026-10-02;869017,39;Não
CT-0359-1;Design - Mar Engenharia 2 Ltda;44149742000116;2021-05-19;2027-01-15;699770,39;Não
CT-0360-1;Energia elétrica - Alfa Logística 2 Ltda;38490475000137;2021-05-14;2027-01-15;478714,69;Sim
CT-0361-1;Obras civis - Beta Logística 2 Ltda;95553686000119;2021-12-10;2027-06-14;315818,89;Não
CT-0364-1;BPO - Sigma Logística 2 Ltda;11388917000137;2022-10-22;2026-10-15;194825,54;Não
CT-0365-1;Controle de acesso - Ômega Logística 2 Ltda;37951065000136;2022-04-30;2027-03-21;445689,35;Não
CT-0366-1;Software - Atlas Logística 2 Ltda;67440599000124;2022-11-03;2026-10-15;2552838,92;Não
CT-0367-1;Brindes - Vértice Logística 2 Ltda;40422834000155;2021-07-05;2026-12-11;179232,32;Não
CT-0369-1;Controle de acesso - Prisma Logística 2 Ltda;32089833000188;2020-11-26;2027-06-14;211169,02;Não
CT-0371-1;Auditoria - Aurora Logística 2 Ltda;20188349000195;2022-12-19;2026-11-06;275239,6;Não
CT-0373-1;Eventos - Órbita Logística 2 Ltda;40605806000152;2022-11-07;2028-06-08;274397,43;Não
CT-0373-2;Eventos - Órbita Logística 2 Ltda;40605806000152;2021-05-15;2028-06-08;150557,04;Sim
CT-0374-1;Vigilância - Vetor Logística 2 Ltda;46985553000161;2020-09-05;2026-10-15;1435688,51;Não
CT-0375-1;Brindes - Pilar Logística 2 Ltda;92659656000129;2022-11-12;2027-03-21;533945,27;Não
CT-0375-2;Brindes - Pilar Logística 2 Ltda;92659656000129;2020-11-27;2027-06-14;150001,11;Não
CT-0377-1;Passagens - Elo Logística 2 Ltda;87442384000142;2021-10-24;2026-10-15;1050257,26;Não
CT-0378-1;Combate a incêndio - Farol Logística 2 Ltda;44015759000172;2021-06-01;2026-11-06;131248,49;Não
CT-0379-1;Armazenagem - Âncora Logística 2 Ltda;29001613000120;2022-09-04;2026-12-11;86668,8;Não
CT-0379-2;Armazenagem - Âncora Logística 2 Ltda;29001613000120;2021-12-20;2027-01-15;346166,78;Não
CT-0380-1;Software - Lume Logística 2 Ltda;11212278000138;2021-02-24;2026-12-11;207310,57;Sim
CT-0380-2;Software - Lume Logística 2 Ltda;11212278000138;2022-10-04;2026-11-06;204444,27;Não
CT-0384-1;Tributos - Alfa Digital 2 Ltda;15878321000162;2021-05-18;2027-03-21;121889,96;Não
CT-0386-1;Software - Gama Digital 2 Ltda;40215332000113;2021-11-12;2026-12-11;659276,47;Sim
CT-0387-1;Mídia - Delta Digital 2 Ltda;89339350000119;2022-05-12;2027-02-24;2725024,12;Não
CT-0389-1;Design - Ômega Digital 2 Ltda;31097373000198;2020-12-18;2027-01-15;1068374,36;Sim
CT-0390-1;Combate a incêndio - Atlas Digital 2 Ltda;10336077000136;2021-04-13;2027-11-01;1931216,87;Não
CT-0393-1;Software - Prisma Digital 2 Ltda;24535990000120;2021-08-06;2026-12-11;319869,27;Não
CT-0393-2;Software - Prisma Digital 2 Ltda;24535990000120;2022-08-08;2027-02-24;2018023,35;Não
CT-0397-1;Armazenagem - Órbita Digital 2 Ltda;35012346000146;2020-12-21;2027-11-01;132951,86;Não
CT-0397-2;Armazenagem - Órbita Digital 2 Ltda;35012346000146;2021-07-03;2028-06-08;279332,33;Não
CT-0398-1;Controle de acesso - Vetor Digital 2 Ltda;66629643000118;2022-07-07;2028-06-08;88418,9;Não
CT-0399-1;Mídia - Pilar Digital 2 Ltda;71056470000185;2021-07-02;2026-10-15;1772847,03;Não
CT-0399-2;Mídia - Pilar Digital 2 Ltda;71056470000185;2021-04-25;2027-06-14;800955,22;Não
CT-0400-1;Mobiliário - Rota Digital 2 Ltda;11819384000168;2021-10-29;2026-10-15;366661,8;Não
CT-0401-1;Design - Elo Digital 2 Ltda;35139032000162;2021-11-02;2027-06-14;5771548,31;Não
CT-0402-1;Manutenção predial - Farol Digital 2 Ltda;36457676000138;2022-10-04;2026-11-06;183428,09;Não
CT-0403-1;Vigilância - Âncora Digital 2 Ltda;65127856000167;2021-07-09;2027-06-14;1132131,44;Não
CT-0404-1;Telecom - Lume Digital 2 Ltda;71698548000121;2021-10-27;2026-11-06;5000099,43;Não
CT-0406-1;Software - Sol Digital 2 Ltda;89982479000115;2020-12-29;2027-03-21;581602,58;Sim
CT-0407-1;Vigilância - Mar Digital 2 Ltda;49809700000197;2022-05-12;2027-11-01;151263,86;Não
CT-0408-1;Design - Alfa Comercial 2 Ltda;59092510000197;2022-06-04;2027-03-21;277936,91;Não
CT-0409-1;Energia elétrica - Beta Comercial 2 Ltda;73694564000137;2020-12-27;2027-03-21;344206,51;Não
CT-0410-1;Manutenção predial - Gama Comercial 2 Ltda;78685762000145;2021-05-15;2027-11-01;124304,18;Não
CT-0410-2;Manutenção predial - Gama Comercial 2 Ltda;78685762000145;2022-09-02;2026-10-02;309540,58;Não
CT-0411-1;Energia elétrica - Delta Comercial 2 Ltda;63997454000164;2022-08-19;2026-11-06;77443,13;Não
CT-0412-1;Serviços de TI - Sigma Comercial 2 Ltda;26760669000110;2022-01-06;2026-12-11;1012774,21;Sim
CT-0412-2;Serviços de TI - Sigma Comercial 2 Ltda;26760669000110;2022-02-06;2027-03-21;1592820,15;Não
CT-0413-1;Brindes - Ômega Comercial 2 Ltda;86633281000139;2022-05-17;2026-10-15;518390,12;Não
CT-0413-2;Brindes - Ômega Comercial 2 Ltda;86633281000139;2022-08-24;2026-10-02;351202,6;Sim
CT-0414-1;Armazenagem - Atlas Comercial 2 Ltda;57774360000196;2020-11-24;2027-11-01;17159477,05;Não
CT-0414-2;Armazenagem - Atlas Comercial 2 Ltda;57774360000196;2023-01-05;2027-06-14;17885991,9;Não
CT-0415-1;Hospedagem - Vértice Comercial 2 Ltda;60024697000168;2021-06-30;2026-10-02;102232,51;Sim
CT-0417-1;Vigilância - Prisma Comercial 2 Ltda;27755280000159;2021-03-29;2027-01-15;1319283,17;Não
CT-0418-1;Armazenagem - Núcleo Comercial 2 Ltda;12725969000168;2021-10-29;2026-10-02;1754092,8;Não
CT-0421-1;Armazenagem - Órbita Comercial 2 Ltda;50002623000152;2021-02-11;2026-10-02;446828,48;Sim
CT-0422-1;Pesquisa de mercado - Vetor Comercial 2 Ltda;86242577000179;2022-03-12;2027-03-21;447756,1;Não
CT-0423-1;Engenharia - Pilar Comercial 2 Ltda;66791081000154;2021-05-27;2026-10-15;115758,74;Não
CT-0423-2;Engenharia - Pilar Comercial 2 Ltda;66791081000154;2020-10-03;2027-06-14;38414,97;Não
CT-0424-1;Auditoria - Rota Comercial 2 Ltda;81353924000142;2022-11-27;2026-12-11;831211,64;Não
CT-0425-1;Combate a incêndio - Elo Comercial 2 Ltda;77523143000186;2021-06-13;2026-12-11;482314,58;Não
CT-0426-1;Software - Farol Comercial 2 Ltda;84703361000157;2021-12-20;2026-10-02;99934,82;Não
CT-0426-2;Software - Farol Comercial 2 Ltda;84703361000157;2021-04-27;2026-10-02;295249,63;Sim
CT-0429-1;Combate a incêndio - Cume Comercial 2 Ltda;37791482000128;2022-02-09;2028-06-08;768407,62;Não
CT-0431-1;Vigilância - Mar Comercial 2 Ltda;55802741000170;2022-05-20;2026-11-06;369583,18;Sim
CT-0434-1;Mobiliário - Gama Soluções 3 Ltda;37120444000124;2022-08-08;2026-09-07;773681,91;Não
CT-0435-1;Design - Delta Soluções 3 Ltda;99140216000173;2020-09-30;2027-02-24;597169,53;Não
CT-0437-1;Consultoria - Ômega Soluções 3 Ltda;74887104000170;2021-12-05;2026-12-11;174258,32;Não
CT-0439-1;Controle de acesso - Vértice Soluções 3 Ltda;50798573000157;2020-10-08;2026-10-15;579996,4;Não
CT-0439-2;Controle de acesso - Vértice Soluções 3 Ltda;50798573000157;2022-05-31;2026-11-06;61487,19;Não
CT-0440-1;Auditoria - Horizonte Soluções 3 Ltda;90687816000165;2022-09-28;2027-11-01;3073186,85;Não
CT-0441-1;Passagens - Prisma Soluções 3 Ltda;84342731000136;2020-12-11;2026-09-07;120047,64;Não
CT-0441-2;Passagens - Prisma Soluções 3 Ltda;84342731000136;2023-02-02;2026-11-06;157746,56;Não
CT-0444-1;Controle de acesso - Zênite Soluções 3 Ltda;63908977000195;2020-11-06;2026-12-11;764010,57;Não
CT-0445-1;Transporte de valores - Órbita Soluções 3 Ltda;85988313000118;2022-07-28;2027-06-14;72444,47;Não
CT-0446-1;Armazenagem - Vetor Soluções 3 Ltda;42348447000154;2020-09-07;2028-06-08;1151840,48;Não
CT-0447-1;Telecom - Pilar Soluções 3 Ltda;91358442000121;2022-04-08;2026-10-02;28857456,74;Não
CT-0448-1;Design - Rota Soluções 3 Ltda;15455235000162;2022-12-20;2028-06-08;8395663,38;Sim
CT-0449-1;Consultoria - Elo Soluções 3 Ltda;16979138000182;2021-11-11;2027-11-01;1470472,63;Não
CT-0449-2;Consultoria - Elo Soluções 3 Ltda;16979138000182;2021-11-14;2026-11-06;889974,11;Sim
CT-0450-1;Tributos - Farol Soluções 3 Ltda;34395001000184;2022-12-12;2026-10-15;75167,94;Sim
CT-0451-1;Energia elétrica - Âncora Soluções 3 Ltda;14563319000131;2021-06-05;2026-10-02;37856,08;Não
CT-0455-1;Hospedagem - Mar Soluções 3 Ltda;75300015000196;2020-11-10;2027-11-01;526844,79;Não
CT-0455-2;Hospedagem - Mar Soluções 3 Ltda;75300015000196;2022-04-04;2028-06-08;255854,98;Não
CT-0456-1;Armazenagem - Alfa Serviços 3 Ltda;12169342000171;2021-04-08;2027-06-14;16935923,7;Não
CT-0458-1;Serviços de TI - Gama Serviços 3 Ltda;76848381000184;2022-02-23;2027-01-15;211663,54;Não
CT-0458-2;Serviços de TI - Gama Serviços 3 Ltda;76848381000184;2022-03-08;2026-11-06;444596,84;Não
CT-0460-1;Controle de acesso - Sigma Serviços 3 Ltda;61274126000152;2021-03-31;2027-06-14;1466997,44;Não
CT-0461-1;Energia elétrica - Ômega Serviços 3 Ltda;75505520000115;2021-08-13;2026-10-02;245659,33;Sim
CT-0462-1;Infraestrutura - Atlas Serviços 3 Ltda;87304299000168;2020-11-05;2028-06-08;172018,15;Sim
CT-0463-1;Vigilância - Vértice Serviços 3 Ltda;91574701000189;2021-07-13;2026-10-15;540073,69;Não
CT-0464-1;Telecom - Horizonte Serviços 3 Ltda;82071279000180;2020-10-01;2026-12-11;178395,56;Sim
CT-0465-1;Passagens - Prisma Serviços 3 Ltda;18230959000121;2021-08-28;2027-06-14;704800,51;Não
CT-0466-1;Serviços de TI - Núcleo Serviços 3 Ltda;97460316000137;2021-03-10;2026-10-15;407845,4;Não
CT-0469-1;Vigilância - Órbita Serviços 3 Ltda;72980996000167;2021-06-24;2027-01-15;442730,07;Não
CT-0471-1;Manutenção predial - Pilar Serviços 3 Ltda;65541541000169;2020-11-08;2027-06-14;133653,29;Não
CT-0473-1;Engenharia - Elo Serviços 3 Ltda;84950930000162;2021-07-19;2027-06-14;92922,0;Não
CT-0475-1;Serviços de TI - Âncora Serviços 3 Ltda;22439832000160;2022-03-13;2027-03-21;431040,64;Sim
CT-0475-2;Serviços de TI - Âncora Serviços 3 Ltda;22439832000160;2021-01-13;2026-10-15;168756,11;Não
CT-0476-1;Telecom - Lume Serviços 3 Ltda;88053960000136;2023-01-20;2027-03-21;145051,17;Não
CT-0476-2;Telecom - Lume Serviços 3 Ltda;88053960000136;2021-06-30;2027-03-21;34917,02;Não
CT-0477-1;Tributos - Cume Serviços 3 Ltda;49553293000161;2022-08-29;2027-01-15;1409814,22;Não
CT-0478-1;Eventos - Sol Serviços 3 Ltda;54836505000128;2022-12-01;2026-10-02;412699,53;Não
CT-0479-1;Energia elétrica - Mar Serviços 3 Ltda;30758797000187;2022-06-20;2026-11-06;113654,21;Não
CT-0480-1;Eventos - Alfa Tecnologia 3 Ltda;54718645000133;2020-09-20;2026-10-15;309466,66;Não
CT-0481-1;Eventos - Beta Tecnologia 3 Ltda;56689528000143;2020-11-17;2027-02-24;280730,5;Não
CT-0481-2;Eventos - Beta Tecnologia 3 Ltda;56689528000143;2022-09-04;2026-12-11;841223,39;Não
CT-0482-1;Brindes - Gama Tecnologia 3 Ltda;92390987000196;2022-06-23;2026-09-07;1244988,74;Não
CT-0486-1;Eventos - Atlas Tecnologia 3 Ltda;75325754000167;2022-07-19;2026-11-06;1264986,45;Não
CT-0487-1;Pesquisa de mercado - Vértice Tecnologia 3 Ltda;26143329000126;2021-06-15;2027-06-14;64854,55;Não
CT-0489-1;Serviços de TI - Prisma Tecnologia 3 Ltda;70268883000111;2023-01-26;2027-01-15;732135,91;Não
CT-0490-1;Passagens - Núcleo Tecnologia 3 Ltda;92229507000197;2022-09-09;2026-10-02;236020,59;Sim
CT-0491-1;Software - Aurora Tecnologia 3 Ltda;30116453000185;2021-05-31;2026-09-07;246403,46;Não
CT-0491-2;Software - Aurora Tecnologia 3 Ltda;30116453000185;2021-05-27;2026-12-11;828571,72;Não
CT-0492-1;Telecom - Zênite Tecnologia 3 Ltda;51225924000188;2023-01-17;2027-11-01;2350926,8;Não
CT-0493-1;Auditoria - Órbita Tecnologia 3 Ltda;73658159000162;2021-12-08;2026-10-02;71928,22;Não
CT-0493-2;Auditoria - Órbita Tecnologia 3 Ltda;73658159000162;2022-03-17;2027-06-14;353159,37;Sim
CT-0494-1;BPO - Vetor Tecnologia 3 Ltda;47856529000192;2021-01-21;2026-10-15;107152,95;Não
CT-0495-1;Passagens - Pilar Tecnologia 3 Ltda;15577028000116;2021-02-18;2027-01-15;252222,4;Não
CT-0496-1;Passagens - Rota Tecnologia 3 Ltda;19257906000175;2022-05-08;2027-11-01;958290,76;Não
CT-0497-1;Auditoria - Elo Tecnologia 3 Ltda;43944979000178;2021-08-29;2027-11-01;535087,58;Sim
CT-0498-1;BPO - Farol Tecnologia 3 Ltda;69334176000111;2023-01-03;2026-09-07;8739618,02;Não
CT-0500-1;Controle de acesso - Lume Tecnologia 3 Ltda;21797019000135;2020-12-08;2026-11-06;1016653,52;Sim
CT-0501-1;Brindes - Cume Tecnologia 3 Ltda;97042371000160;2021-02-07;2028-06-08;141757,73;Não
CT-0501-2;Brindes - Cume Tecnologia 3 Ltda;97042371000160;2021-07-09;2026-12-11;760947,34;Não
CT-0502-1;Auditoria - Sol Tecnologia 3 Ltda;53032839000149;2022-04-25;2026-10-15;199471,84;Sim
CT-0504-1;Vigilância - Alfa Sistemas 3 Ltda;40629141000134;2022-10-10;2026-12-11;415467,12;Não
CT-0505-1;Telecom - Beta Sistemas 3 Ltda;48539394000167;2021-05-18;2026-12-11;3171852,25;Não
CT-0505-2;Telecom - Beta Sistemas 3 Ltda;48539394000167;2021-09-28;2027-11-01;182700,08;Sim
CT-0506-1;Impressão - Gama Sistemas 3 Ltda;56527501000145;2020-11-15;2026-10-02;426294,12;Não
CT-0507-1;Manutenção predial - Delta Sistemas 3 Ltda;27361358000119;2022-11-12;2026-10-15;231486,68;Não
CT-0509-1;Obras civis - Ômega Sistemas 3 Ltda;24797369000161;2020-10-22;2026-11-06;339186,35;Não
CT-0509-2;Obras civis - Ômega Sistemas 3 Ltda;24797369000161;2020-12-15;2026-11-06;66904,37;Sim
CT-0510-1;Vigilância - Atlas Sistemas 3 Ltda;92850959000144;2021-05-13;2027-06-14;269932,31;Não
CT-0511-1;Mídia - Vértice Sistemas 3 Ltda;99490439000143;2022-07-17;2026-10-15;549914,85;Não
CT-0512-1;Obras civis - Horizonte Sistemas 3 Ltda;89552437000117;2022-12-23;2026-09-07;177133,0;Sim
CT-0512-2;Obras civis - Horizonte Sistemas 3 Ltda;89552437000117;2022-07-21;2027-06-14;179908,08;Sim
CT-0513-1;Telecom - Prisma Sistemas 3 Ltda;93519687000127;2022-04-13;2028-06-08;21510205,3;Sim
CT-0514-1;Hospedagem - Núcleo Sistemas 3 Ltda;30268378000197;2021-09-06;2026-11-06;273471,97;Não
CT-0514-2;Hospedagem - Núcleo Sistemas 3 Ltda;30268378000197;2022-02-05;2027-11-01;838194,12;Sim
CT-0515-1;Telecom - Aurora Sistemas 3 Ltda;29547419000198;2021-04-15;2026-09-07;897510,77;Não
CT-0518-1;Vigilância - Vetor Sistemas 3 Ltda;25060339000164;2022-06-11;2027-03-21;94065,3;Não
CT-0519-1;Consultoria - Pilar Sistemas 3 Ltda;87990001000198;2020-10-20;2027-11-01;149158,64;Sim
CT-0520-1;Design - Rota Sistemas 3 Ltda;37900612000155;2021-07-12;2026-11-06;170973,67;Não
CT-0520-2;Design - Rota Sistemas 3 Ltda;37900612000155;2021-10-25;2027-11-01;156180,41;Não
CT-0521-1;Pesquisa de mercado - Elo Sistemas 3 Ltda;15565847000144;2021-06-02;2026-11-06;736741,14;Não
CT-0521-2;Pesquisa de mercado - Elo Sistemas 3 Ltda;15565847000144;2021-06-05;2026-12-11;338271,35;Não
CT-0522-1;Brindes - Farol Sistemas 3 Ltda;19814236000131;2022-12-25;2026-10-15;180561,68;Não
CT-0523-1;Impressão - Âncora Sistemas 3 Ltda;21923479000169;2021-02-20;2028-06-08;86820,27;Não
CT-0523-2;Impressão - Âncora Sistemas 3 Ltda;21923479000169;2020-11-18;2028-06-08;144241,98;Não
CT-0524-1;Tributos - Lume Sistemas 3 Ltda;70417619000149;2021-11-27;2027-03-21;2715157,87;Sim
CT-0526-1;Eventos - Sol Sistemas 3 Ltda;67487010000125;2021-07-15;2028-06-08;1023929,07;Sim
CT-0528-1;Mobiliário - Alfa Consultoria 3 Ltda;56718352000168;2022-06-02;2027-01-15;668750,97;Não
CT-0529-1;Software - Beta Consultoria 3 Ltda;47639772000159;2020-08-29;2026-11-06;495984,77;Sim
CT-0529-2;Software - Beta Consultoria 3 Ltda;47639772000159;2021-05-06;2026-10-15;116527,91;Sim
CT-0532-1;Brindes - Sigma Consultoria 3 Ltda;97210538000122;2021-10-21;2027-11-01;227528,77;Sim
CT-0534-1;Impressão - Atlas Consultoria 3 Ltda;77745370000164;2022-10-16;2026-12-11;990457,99;Sim
CT-0534-2;Impressão - Atlas Consultoria 3 Ltda;77745370000164;2022-11-22;2026-12-11;429758,95;Não
CT-0536-1;Telecom - Horizonte Consultoria 3 Ltda;76261156000129;2021-10-27;2027-06-14;119291242,85;Não
CT-0537-1;Passagens - Prisma Consultoria 3 Ltda;34267595000143;2021-05-25;2027-11-01;887557,88;Não
CT-0538-1;Combate a incêndio - Núcleo Consultoria 3 Ltda;86265674000132;2022-05-01;2026-10-02;301399,5;Sim
CT-0539-1;Tributos - Aurora Consultoria 3 Ltda;82633863000157;2022-05-02;2027-03-21;197741,66;Não
CT-0540-1;Armazenagem - Zênite Consultoria 3 Ltda;27805725000119;2021-12-06;2027-01-15;2288519,72;Sim
CT-0540-2;Armazenagem - Zênite Consultoria 3 Ltda;27805725000119;2020-08-21;2027-02-24;684308,53;Não
CT-0541-1;Energia elétrica - Órbita Consultoria 3 Ltda;77534888000193;2022-09-08;2027-03-21;3108717,1;Não
CT-0542-1;Infraestrutura - Vetor Consultoria 3 Ltda;61894679000167;2020-10-05;2026-10-15;121179,65;Não
CT-0545-1;Infraestrutura - Elo Consultoria 3 Ltda;84524227000112;2021-05-28;2026-12-11;725288,2;Sim
CT-0545-2;Infraestrutura - Elo Consultoria 3 Ltda;84524227000112;2020-09-20;2028-06-08;307238,69;Não
CT-0546-1;Brindes - Farol Consultoria 3 Ltda;19919350000125;2021-03-27;2027-11-01;79990,5;Não
CT-0546-2;Brindes - Farol Consultoria 3 Ltda;19919350000125;2020-10-19;2027-01-15;143404,38;Não
CT-0547-1;Impressão - Âncora Consultoria 3 Ltda;51016936000115;2022-02-28;2026-12-11;112655,92;Não
CT-0548-1;Energia elétrica - Lume Consultoria 3 Ltda;70916802000179;2022-11-10;2026-10-02;566013,09;Não
CT-0549-1;Transporte de valores - Cume Consultoria 3 Ltda;91825246000173;2021-10-23;2028-06-08;624716,45;Não
CT-0550-1;Engenharia - Sol Consultoria 3 Ltda;97291235000198;2021-09-11;2026-09-07;1932622,57;Sim
CT-0551-1;Impressão - Mar Consultoria 3 Ltda;17307343000145;2022-04-15;2027-11-01;74561,52;Não
CT-0552-1;Combate a incêndio - Alfa Engenharia 3 Ltda;82759236000166;2021-08-04;2026-11-06;302704,85;Não
CT-0553-1;Manutenção predial - Beta Engenharia 3 Ltda;27315974000177;2021-02-22;2026-11-06;1205058,89;Sim
CT-0554-1;Mobiliário - Gama Engenharia 3 Ltda;52771289000126;2022-03-15;2026-11-06;138410,64;Não
CT-0555-1;Hospedagem - Delta Engenharia 3 Ltda;56242917000121;2020-09-17;2026-10-02;2348984,9;Não
CT-0556-1;Pesquisa de mercado - Sigma Engenharia 3 Ltda;51855505000138;2021-11-10;2027-06-14;620597,22;Não
CT-0556-2;Pesquisa de mercado - Sigma Engenharia 3 Ltda;51855505000138;2021-01-18;2027-02-24;1853980,81;Não
CT-0557-1;Infraestrutura - Ômega Engenharia 3 Ltda;85931972000175;2022-01-18;2027-11-01;191907,68;Não
CT-0558-1;Impressão - Atlas Engenharia 3 Ltda;60655756000112;2021-06-23;2026-10-02;846845,09;Não
CT-0559-1;BPO - Vértice Engenharia 3 Ltda;14609462000168;2023-01-13;2027-03-21;9032362,16;Não
CT-0559-2;BPO - Vértice Engenharia 3 Ltda;14609462000168;2020-11-16;2027-02-24;5500119,67;Não
CT-0560-1;Pesquisa de mercado - Horizonte Engenharia 3 Ltda;43942399000129;2021-06-18;2027-02-24;34803,97;Sim
CT-0561-1;Infraestrutura - Prisma Engenharia 3 Ltda;84069445000122;2020-10-17;2026-09-07;397490,73;Não
CT-0562-1;Manutenção predial - Núcleo Engenharia 3 Ltda;46477752000135;2021-04-06;2027-03-21;1090442,99;Não
CT-0562-2;Manutenção predial - Núcleo Engenharia 3 Ltda;46477752000135;2021-04-18;2026-11-06;643991,92;Não
CT-0563-1;Mobiliário - Aurora Engenharia 3 Ltda;84306645000141;2022-09-23;2027-01-15;258633,68;Não
CT-0564-1;Obras civis - Zênite Engenharia 3 Ltda;57218455000169;2023-01-07;2027-11-01;112974,99;Sim
CT-0564-2;Obras civis - Zênite Engenharia 3 Ltda;57218455000169;2020-12-12;2026-10-15;354692,89;Não
CT-0566-1;BPO - Vetor Engenharia 3 Ltda;92235650000140;2022-06-09;2026-10-02;214977,25;Não
CT-0566-2;BPO - Vetor Engenharia 3 Ltda;92235650000140;2022-05-02;2026-10-02;103262,03;Sim
CT-0568-1;Vigilância - Rota Engenharia 3 Ltda;82149159000151;2021-04-05;2026-10-02;2121051,0;Não
CT-0569-1;Consultoria - Elo Engenharia 3 Ltda;46224415000117;2022-05-28;2026-11-06;658651,31;Não
CT-0569-2;Consultoria - Elo Engenharia 3 Ltda;46224415000117;2020-10-27;2026-10-02;1846171,84;Não
CT-0570-1;Consultoria - Farol Engenharia 3 Ltda;98086245000179;2022-05-20;2027-02-24;57415,64;Não
CT-0572-1;Impressão - Lume Engenharia 3 Ltda;26146372000120;2022-09-03;2027-11-01;547080,24;Sim
CT-0573-1;Obras civis - Cume Engenharia 3 Ltda;62080017000131;2022-01-16;2026-12-11;719087,67;Não
CT-0575-1;Passagens - Mar Engenharia 3 Ltda;50164329000116;2022-07-20;2027-11-01;60487,06;Sim
CT-0576-1;Telecom - Alfa Logística 3 Ltda;59860641000161;2022-01-01;2027-01-15;517968,81;Não
CT-0576-2;Telecom - Alfa Logística 3 Ltda;59860641000161;2022-03-07;2026-12-11;277501,83;Não
CT-0578-1;Infraestrutura - Gama Logística 3 Ltda;61077318000162;2022-05-09;2028-06-08;335545,98;Não
CT-0579-1;Consultoria - Delta Logística 3 Ltda;75846742000193;2020-11-16;2027-03-21;274158,49;Não
CT-0579-2;Consultoria - Delta Logística 3 Ltda;75846742000193;2023-02-04;2026-09-07;353386,94;Não
CT-0580-1;Software - Sigma Logística 3 Ltda;21241511000174;2022-01-14;2027-01-15;139082,09;Não
CT-0581-1;Engenharia - Ômega Logística 3 Ltda;93413078000177;2022-05-03;2026-10-15;5975073,63;Sim
CT-0582-1;Energia elétrica - Atlas Logística 3 Ltda;63520356000123;2022-06-14;2028-06-08;997828,71;Não
CT-0583-1;Tributos - Vértice Logística 3 Ltda;44415377000178;2021-12-14;2026-12-11;542735,26;Não
CT-0583-2;Tributos - Vértice Logística 3 Ltda;44415377000178;2020-08-19;2027-02-24;1113232,67;Não
CT-0584-1;Infraestrutura - Horizonte Logística 3 Ltda;25912583000112;2021-01-21;2026-11-06;235571,69;Não
CT-0585-1;Manutenção predial - Prisma Logística 3 Ltda;86862276000166;2022-08-20;2026-12-11;4066387,22;Não
CT-0586-1;Eventos - Núcleo Logística 3 Ltda;14084343000125;2022-12-20;2027-02-24;1428473,14;Não
CT-0587-1;Passagens - Aurora Logística 3 Ltda;77618481000173;2021-10-13;2027-02-24;2355729,85;Não
CT-0587-2;Passagens - Aurora Logística 3 Ltda;77618481000173;2022-02-25;2026-12-11;1616079,58;Não
CT-0589-1;Combate a incêndio - Órbita Logística 3 Ltda;89081893000118;2022-10-31;2027-06-14;101650,63;Não
CT-0590-1;BPO - Vetor Logística 3 Ltda;16786915000143;2022-01-25;2027-03-21;479710,97;Não
CT-0590-2;BPO - Vetor Logística 3 Ltda;16786915000143;2022-01-03;2026-12-11;558498,61;Sim
CT-0591-1;Controle de acesso - Pilar Logística 3 Ltda;16870116000142;2022-11-24;2027-03-21;111674,81;Não
CT-0592-1;Auditoria - Rota Logística 3 Ltda;30431526000117;2020-12-17;2026-10-02;505974,78;Não
CT-0592-2;Auditoria - Rota Logística 3 Ltda;30431526000117;2021-07-20;2027-02-24;158209,45;Não
CT-0593-1;Consultoria - Elo Logística 3 Ltda;16489153000187;2020-10-28;2027-01-15;82919,43;Não
CT-0593-2;Consultoria - Elo Logística 3 Ltda;16489153000187;2021-10-18;2026-10-02;314402,0;Não
CT-0596-1;Software - Lume Logística 3 Ltda;60733463000111;2021-01-18;2028-06-08;168633,16;Sim
CT-0596-2;Software - Lume Logística 3 Ltda;60733463000111;2022-08-11;2027-11-01;281259,39;Não
CT-0597-1;Combate a incêndio - Cume Logística 3 Ltda;21316657000140;2021-10-15;2027-06-14;2891469,81;Não
CT-0597-2;Combate a incêndio - Cume Logística 3 Ltda;21316657000140;2021-11-26;2026-10-02;1245774,19;Não
CT-0598-1;Design - Sol Logística 3 Ltda;27278842000112;2022-01-16;2027-02-24;255429,83;Não
CT-0599-1;Engenharia - Mar Logística 3 Ltda;44252355000157;2022-08-22;2027-02-24;271424,41;Sim
CT-0600-1;Transporte de valores - Alfa Digital 3 Ltda;23790550000174;2021-04-27;2027-02-24;3584636,07;Não
CT-0601-1;Consultoria - Beta Digital 3 Ltda;43797862000158;2022-10-15;2026-09-07;294457,89;Sim
CT-0601-2;Consultoria - Beta Digital 3 Ltda;43797862000158;2020-09-11;2026-10-15;873472,39;Não
CT-0602-1;Auditoria - Gama Digital 3 Ltda;14063441000139;2020-09-30;2027-06-14;710123,93;Não
CT-0602-2;Auditoria - Gama Digital 3 Ltda;14063441000139;2022-09-23;2026-12-11;398874,96;Não
CT-0603-1;Consultoria - Delta Digital 3 Ltda;89662838000132;2020-09-19;2027-01-15;189743,59;Sim
CT-0603-2;Consultoria - Delta Digital 3 Ltda;89662838000132;2022-08-15;2026-11-06;376445,58;Não
CT-0604-1;BPO - Sigma Digital 3 Ltda;61313337000150;2020-12-27;2026-11-06;113704,87;Não
CT-0605-1;Armazenagem - Ômega Digital 3 Ltda;38994370000114;2022-11-22;2028-06-08;1906611,09;Sim
CT-0606-1;Eventos - Atlas Digital 3 Ltda;88006401000136;2022-07-10;2026-11-06;259780,79;Não
CT-0607-1;Manutenção predial - Vértice Digital 3 Ltda;65578078000194;2021-07-28;2026-11-06;168907,66;Sim
CT-0607-2;Manutenção predial - Vértice Digital 3 Ltda;65578078000194;2022-04-07;2027-03-21;48940,43;Não
CT-0608-1;Mídia - Horizonte Digital 3 Ltda;37014608000182;2021-02-28;2028-06-08;503639,49;Não
CT-0609-1;Pesquisa de mercado - Prisma Digital 3 Ltda;16596211000170;2020-10-16;2028-06-08;274906,8;Não
CT-0610-1;Manutenção predial - Núcleo Digital 3 Ltda;99082787000126;2021-06-02;2027-03-21;234656,33;Sim
CT-0611-1;Consultoria - Aurora Digital 3 Ltda;33305865000127;2022-07-12;2026-12-11;1428564,49;Não
CT-0612-1;Manutenção predial - Zênite Digital 3 Ltda;58455239000120;2021-01-03;2027-01-15;193222,58;Não
CT-0612-2;Manutenção predial - Zênite Digital 3 Ltda;58455239000120;2023-02-03;2027-06-14;1345143,69;Não
CT-0614-1;Combate a incêndio - Vetor Digital 3 Ltda;12660457000160;2022-01-26;2028-06-08;207634,89;Não
CT-0617-1;Auditoria - Elo Digital 3 Ltda;35057609000117;2021-04-06;2027-11-01;1412374,24;Não
CT-0618-1;Controle de acesso - Farol Digital 3 Ltda;57096934000170;2021-06-06;2027-01-15;189150,54;Não
CT-0619-1;Serviços de TI - Âncora Digital 3 Ltda;57424091000156;2022-05-26;2027-06-14;355615,37;Sim
CT-0620-1;Impressão - Lume Digital 3 Ltda;59708810000168;2022-06-15;2027-06-14;620261,33;Sim
CT-0622-1;Mídia - Sol Digital 3 Ltda;32276061000183;2021-06-02;2028-06-08;409360,0;Não
CT-0624-1;Transporte de valores - Alfa Comercial 3 Ltda;11896764000183;2020-11-25;2026-11-06;261219,89;Sim
CT-0625-1;Mobiliário - Beta Comercial 3 Ltda;55300027000168;2022-07-15;2026-12-11;154335,79;Não
CT-0626-1;Combate a incêndio - Gama Comercial 3 Ltda;15567834000150;2022-02-13;2028-06-08;1727663,73;Sim
CT-0627-1;Energia elétrica - Delta Comercial 3 Ltda;83568542000115;2022-10-06;2027-06-14;482128,19;Não
CT-0628-1;Eventos - Sigma Comercial 3 Ltda;94742780000196;2021-12-27;2026-10-15;176282,1;Não
CT-0628-2;Eventos - Sigma Comercial 3 Ltda;94742780000196;2021-09-06;2026-12-11;119316,0;Não
CT-0629-1;Mídia - Ômega Comercial 3 Ltda;63521119000163;2021-11-11;2026-10-15;288085,73;Sim
CT-0630-1;Combate a incêndio - Atlas Comercial 3 Ltda;86824496000198;2022-05-13;2026-12-11;936811,84;Não
CT-0630-2;Combate a incêndio - Atlas Comercial 3 Ltda;86824496000198;2020-11-04;2027-06-14;464227,08;Não
CT-0631-1;Tributos - Vértice Comercial 3 Ltda;35758409000157;2020-10-10;2026-10-15;1526402,6;Sim
CT-0631-2;Tributos - Vértice Comercial 3 Ltda;35758409000157;2021-01-23;2026-10-02;988500,14;Sim
CT-0632-1;Brindes - Horizonte Comercial 3 Ltda;92544048000164;2020-11-12;2027-01-15;733872,84;Não
CT-0632-2;Brindes - Horizonte Comercial 3 Ltda;92544048000164;2021-01-17;2026-11-06;176281,88;Não
CT-0633-1;Armazenagem - Prisma Comercial 3 Ltda;63098612000193;2021-01-10;2026-11-06;949061,08;Sim
CT-0634-1;Consultoria - Núcleo Comercial 3 Ltda;71530917000196;2022-06-07;2026-10-15;2990885,19;Não
CT-0634-2;Consultoria - Núcleo Comercial 3 Ltda;71530917000196;2021-10-15;2026-12-11;4113795,4;Sim
CT-0635-1;Impressão - Aurora Comercial 3 Ltda;32517669000153;2021-02-11;2026-10-02;107609,2;Não
CT-0636-1;Manutenção predial - Zênite Comercial 3 Ltda;41986889000121;2021-06-29;2027-01-15;330987,65;Não
CT-0637-1;Telecom - Órbita Comercial 3 Ltda;90903405000166;2022-05-03;2026-11-06;346037,5;Não
CT-0637-2;Telecom - Órbita Comercial 3 Ltda;90903405000166;2022-03-15;2027-01-15;88219,75;Não
CT-0638-1;Design - Vetor Comercial 3 Ltda;86988402000193;2020-12-02;2027-03-21;155288,71;Não
CT-0640-1;Pesquisa de mercado - Rota Comercial 3 Ltda;63835907000176;2022-12-05;2026-09-07;175517,07;Não
CT-0641-1;Controle de acesso - Elo Comercial 3 Ltda;38557267000180;2022-12-15;2026-09-07;926722,72;Não
CT-0642-1;Impressão - Farol Comercial 3 Ltda;18747215000122;2022-11-27;2027-11-01;5632166,11;Sim
CT-0642-2;Impressão - Farol Comercial 3 Ltda;18747215000122;2022-08-03;2026-09-07;8436259,44;Não
CT-0643-1;Obras civis - Âncora Comercial 3 Ltda;46549162000192;2022-08-27;2027-01-15;824494,56;Não
CT-0644-1;Energia elétrica - Lume Comercial 3 Ltda;28813288000148;2021-03-14;2026-10-02;1807407,33;Não
CT-0644-2;Energia elétrica - Lume Comercial 3 Ltda;28813288000148;2022-03-12;2028-06-08;307464,55;Não
CT-0645-1;Telecom - Cume Comercial 3 Ltda;44743622000146;2022-06-08;2027-03-21;228820,71;Sim
CT-0647-1;Brindes - Mar Comercial 3 Ltda;74887052000127;2022-12-15;2027-11-01;1050398,39;Sim
CT-0648-1;Telecom - Alfa Soluções 4 Ltda;21829509000132;2022-10-01;2027-01-15;716795,27;Não
CT-0648-2;Telecom - Alfa Soluções 4 Ltda;21829509000132;2022-02-26;2026-11-06;48294,37;Não
CT-0649-1;Obras civis - Beta Soluções 4 Ltda;18262841000136;2021-11-30;2026-10-15;1641751,2;Não
CT-0652-1;Eventos - Sigma Soluções 4 Ltda;20717328000169;2020-12-17;2027-01-15;3903795,08;Não
CT-0654-1;Obras civis - Atlas Soluções 4 Ltda;15223550000160;2022-04-11;2027-06-14;57787,86;Não
CT-0655-1;Software - Vértice Soluções 4 Ltda;60279701000118;2021-06-01;2027-11-01;759294,55;Não
CT-0656-1;Design - Horizonte Soluções 4 Ltda;44143428000115;2021-10-24;2027-06-14;350810,35;Não
CT-0657-1;Serviços de TI - Prisma Soluções 4 Ltda;13000511000141;2022-06-27;2026-09-07;623003,58;Sim
CT-0658-1;Combate a incêndio - Núcleo Soluções 4 Ltda;21760051000122;2023-01-27;2027-06-14;1704298,98;Não
CT-0661-1;Brindes - Órbita Soluções 4 Ltda;77563818000110;2021-08-15;2026-12-11;2470379,77;Não
CT-0662-1;Infraestrutura - Vetor Soluções 4 Ltda;83746041000121;2021-12-18;2026-10-02;345551,2;Não
CT-0663-1;Serviços de TI - Pilar Soluções 4 Ltda;52353437000145;2022-03-04;2027-01-15;6169964,54;Não
CT-0663-2;Serviços de TI - Pilar Soluções 4 Ltda;52353437000145;2022-11-01;2027-02-24;2354636,35;Não
CT-0664-1;BPO - Rota Soluções 4 Ltda;62781800000160;2022-01-04;2026-12-11;69406,49;Não
CT-0665-1;Engenharia - Elo Soluções 4 Ltda;69221818000188;2022-08-03;2027-02-24;86911,17;Não
CT-0667-1;Engenharia - Âncora Soluções 4 Ltda;23961661000116;2022-06-11;2027-01-15;492903,85;Não
CT-0668-1;Impressão - Lume Soluções 4 Ltda;45670277000128;2022-10-06;2027-06-14;581750,89;Sim
CT-0669-1;Telecom - Cume Soluções 4 Ltda;22961002000159;2021-06-10;2026-11-06;152643,12;Não
CT-0671-1;Auditoria - Mar Soluções 4 Ltda;40804597000143;2022-04-30;2028-06-08;158462,71;Não
CT-0672-1;Software - Alfa Serviços 4 Ltda;56755862000137;2022-05-12;2027-06-14;482044,48;Não
CT-0673-1;Auditoria - Beta Serviços 4 Ltda;47541819000155;2021-07-23;2028-06-08;6162992,57;Não
CT-0673-2;Auditoria - Beta Serviços 4 Ltda;47541819000155;2022-04-08;2027-06-14;1929391,56;Não
CT-0674-1;Mídia - Gama Serviços 4 Ltda;92751172000163;2022-09-04;2026-10-02;283331,44;Sim
CT-0675-1;Eventos - Delta Serviços 4 Ltda;64617171000184;2021-10-03;2027-02-24;237337,9;Não
CT-0675-2;Eventos - Delta Serviços 4 Ltda;64617171000184;2022-06-26;2026-10-02;773912,95;Sim
CT-0676-1;Pesquisa de mercado - Sigma Serviços 4 Ltda;83480900000139;2020-10-08;2027-02-24;700372,74;Não
CT-0676-2;Pesquisa de mercado - Sigma Serviços 4 Ltda;83480900000139;2022-04-25;2027-11-01;2035925,1;Não
CT-0677-1;Manutenção predial - Ômega Serviços 4 Ltda;70984021000111;2020-11-21;2026-10-15;140404,79;Sim
CT-0678-1;Vigilância - Atlas Serviços 4 Ltda;48140477000163;2022-07-01;2026-11-06;640349,39;Não
CT-0679-1;Transporte de valores - Vértice Serviços 4 Ltda;95483878000115;2021-10-25;2027-03-21;239216,92;Não
CT-0679-2;Transporte de valores - Vértice Serviços 4 Ltda;95483878000115;2021-01-31;2027-06-14;225708,88;Sim
CT-0680-1;Impressão - Horizonte Serviços 4 Ltda;61846262000176;2022-06-19;2026-10-15;17022,75;Não
CT-0680-2;Impressão - Horizonte Serviços 4 Ltda;61846262000176;2022-08-05;2026-12-11;198878,23;Sim
CT-0682-1;Mobiliário - Núcleo Serviços 4 Ltda;11283607000119;2022-06-21;2026-10-15;179033,98;Sim
CT-0683-1;Pesquisa de mercado - Aurora Serviços 4 Ltda;96553730000149;2021-11-28;2026-09-07;117050,36;Não
CT-0684-1;Tributos - Zênite Serviços 4 Ltda;97322705000154;2023-01-23;2026-11-06;447090,66;Não
CT-0685-1;Manutenção predial - Órbita Serviços 4 Ltda;15332582000188;2020-10-22;2026-11-06;37813,7;Não
CT-0686-1;Hospedagem - Vetor Serviços 4 Ltda;31958430000129;2022-12-29;2026-12-11;671458,74;Não
CT-0687-1;Combate a incêndio - Pilar Serviços 4 Ltda;88037057000123;2020-10-30;2026-10-15;388301,29;Não
CT-0688-1;Software - Rota Serviços 4 Ltda;74751536000190;2021-05-22;2027-06-14;640180,83;Não
CT-0688-2;Software - Rota Serviços 4 Ltda;74751536000190;2021-02-12;2028-06-08;199424,98;Não
CT-0689-1;Software - Elo Serviços 4 Ltda;29708296000171;2022-04-14;2027-03-21;1712838,54;Sim
CT-0690-1;Serviços de TI - Farol Serviços 4 Ltda;71575374000129;2022-12-07;2027-11-01;57366,76;Não
CT-0690-2;Serviços de TI - Farol Serviços 4 Ltda;71575374000129;2021-07-14;2026-10-02;136668,7;Sim
CT-0693-1;Consultoria - Cume Serviços 4 Ltda;93058885000125;2021-02-03;2027-03-21;602994,28;Sim
CT-0693-2;Consultoria - Cume Serviços 4 Ltda;93058885000125;2022-11-08;2026-10-02;331352,7;Não
CT-0694-1;Energia elétrica - Sol Serviços 4 Ltda;35499795000160;2022-11-09;2027-03-21;633432,77;Não
CT-0694-2;Energia elétrica - Sol Serviços 4 Ltda;35499795000160;2022-01-28;2027-06-14;339131,67;Não
CT-0695-1;Manutenção predial - Mar Serviços 4 Ltda;19765316000141;2022-08-09;2027-03-21;782118,41;Não
CT-0696-1;Telecom - Alfa Tecnologia 4 Ltda;84749137000171;2022-03-31;2027-03-21;645870,22;Sim
CT-0698-1;Controle de acesso - Gama Tecnologia 4 Ltda;21361024000164;2020-12-11;2027-03-21;117884,26;Não
CT-0698-2;Controle de acesso - Gama Tecnologia 4 Ltda;21361024000164;2023-01-15;2027-02-24;118008,19;Não
CT-0699-1;Telecom - Delta Tecnologia 4 Ltda;59322269000127;2021-06-08;2026-10-02;4322030,6;Não
CT-0700-1;Pesquisa de mercado - Sigma Tecnologia 4 Ltda;19055527000151;2022-11-17;2027-01-15;177537,0;Sim
CT-0700-2;Pesquisa de mercado - Sigma Tecnologia 4 Ltda;19055527000151;2022-05-18;2028-06-08;992489,03;Sim
CT-0701-1;Mídia - Ômega Tecnologia 4 Ltda;78170907000172;2022-02-01;2027-06-14;356038,04;Não
CT-0703-1;Engenharia - Vértice Tecnologia 4 Ltda;75174101000144;2020-12-24;2026-10-15;371097,83;Sim
CT-0706-1;Obras civis - Núcleo Tecnologia 4 Ltda;21081967000123;2021-04-09;2026-09-07;850257,68;Sim
CT-0707-1;Consultoria - Aurora Tecnologia 4 Ltda;55849662000142;2020-12-30;2027-02-24;165654,68;Não
CT-0707-2;Consultoria - Aurora Tecnologia 4 Ltda;55849662000142;2021-11-16;2028-06-08;76159,98;Sim
CT-0708-1;Auditoria - Zênite Tecnologia 4 Ltda;21622315000168;2021-12-13;2027-02-24;435269,79;Sim
CT-0709-1;Serviços de TI - Órbita Tecnologia 4 Ltda;79612297000136;2020-11-10;2028-06-08;445136,37;Não
CT-0710-1;Telecom - Vetor Tecnologia 4 Ltda;36183225000126;2020-08-24;2027-03-21;174774,9;Não
CT-0712-1;Transporte de valores - Rota Tecnologia 4 Ltda;53581609000178;2020-09-10;2026-10-02;3898508,67;Sim
CT-0713-1;Telecom - Elo Tecnologia 4 Ltda;84155445000154;2021-11-30;2026-10-02;289144,11;Não
CT-0714-1;Vigilância - Farol Tecnologia 4 Ltda;69598626000163;2021-11-03;2027-02-24;343228,94;Não
CT-0716-1;Brindes - Lume Tecnologia 4 Ltda;52095242000133;2022-12-14;2027-06-14;201250,27;Não
CT-0716-2;Brindes - Lume Tecnologia 4 Ltda;52095242000133;2021-01-17;2027-06-14;514441,08;Não
CT-0717-1;Combate a incêndio - Cume Tecnologia 4 Ltda;20292136000151;2021-09-08;2026-10-02;1627464,7;Não
CT-0718-1;Mídia - Sol Tecnologia 4 Ltda;21845284000150;2021-03-20;2026-11-06;293653,83;Não
CT-0719-1;Transporte de valores - Mar Tecnologia 4 Ltda;94006833000117;2021-10-26;2027-01-15;165058,48;Não
CT-0719-2;Transporte de valores - Mar Tecnologia 4 Ltda;94006833000117;2022-10-21;2027-01-15;307446,26;Não
CT-0720-1;Energia elétrica - Alfa Sistemas 4 Ltda;15620840000154;2021-11-20;2026-12-11;925563,08;Não
CT-0721-1;Design - Beta Sistemas 4 Ltda;13571746000156;2022-10-23;2027-03-21;70598,49;Não
CT-0723-1;Infraestrutura - Delta Sistemas 4 Ltda;44125796000191;2021-05-13;2028-06-08;135659,41;Não
CT-0723-2;Infraestrutura - Delta Sistemas 4 Ltda;44125796000191;2021-07-21;2026-12-11;194009,17;Não
CT-0724-1;Design - Sigma Sistemas 4 Ltda;24800834000163;2021-08-08;2026-09-07;70242,92;Não
CT-0725-1;Software - Ômega Sistemas 4 Ltda;89564205000184;2021-12-10;2027-01-15;132706,4;Não
CT-0726-1;Pesquisa de mercado - Atlas Sistemas 4 Ltda;13300122000163;2021-01-26;2027-03-21;165153,58;Não
CT-0729-1;Software - Prisma Sistemas 4 Ltda;58606097000147;2021-03-17;2027-02-24;1176755,16;Não
CT-0730-1;Hospedagem - Núcleo Sistemas 4 Ltda;63438540000164;2021-06-11;2026-09-07;1079563,86;Não
CT-0731-1;Mídia - Aurora Sistemas 4 Ltda;81409368000158;2022-06-03;2026-10-02;172911,1;Não
CT-0732-1;Pesquisa de mercado - Zênite Sistemas 4 Ltda;41145202000114;2021-10-31;2027-01-15;1895751,32;Não
CT-0732-2;Pesquisa de mercado - Zênite Sistemas 4 Ltda;41145202000114;2021-11-09;2028-06-08;1679230,03;Não
CT-0733-1;Software - Órbita Sistemas 4 Ltda;69619687000124;2021-07-24;2027-03-21;1268188,27;Não
CT-0734-1;Vigilância - Vetor Sistemas 4 Ltda;50205854000196;2021-09-09;2026-12-11;456868,72;Sim
CT-0734-2;Vigilância - Vetor Sistemas 4 Ltda;50205854000196;2021-01-19;2026-10-02;161807,73;Não
CT-0735-1;Transporte de valores - Pilar Sistemas 4 Ltda;94396711000111;2022-03-23;2026-10-15;282063,52;Sim
CT-0735-2;Transporte de valores - Pilar Sistemas 4 Ltda;94396711000111;2021-11-16;2027-01-15;630749,21;Não
CT-0736-1;Mídia - Rota Sistemas 4 Ltda;50276412000144;2021-01-03;2028-06-08;179439,51;Não
CT-0736-2;Mídia - Rota Sistemas 4 Ltda;50276412000144;2022-03-10;2027-03-21;973160,17;Não
CT-0737-1;Engenharia - Elo Sistemas 4 Ltda;50250359000124;2020-10-09;2026-10-15;247839,3;Não
CT-0738-1;Telecom - Farol Sistemas 4 Ltda;71184453000178;2021-03-17;2026-10-15;3003941,8;Não
CT-0739-1;Consultoria - Âncora Sistemas 4 Ltda;16309238000113;2021-06-26;2026-12-11;2978631,87;Não
CT-0740-1;Controle de acesso - Lume Sistemas 4 Ltda;32937963000177;2021-06-23;2028-06-08;821440,51;Não
CT-0741-1;Auditoria - Cume Sistemas 4 Ltda;71231926000170;2020-08-31;2027-02-24;3331755,08;Sim
CT-0742-1;Telecom - Sol Sistemas 4 Ltda;57906168000138;2021-06-25;2027-06-14;172338,53;Sim
CT-0744-1;BPO - Alfa Consultoria 4 Ltda;27599361000130;2021-06-05;2027-02-24;234238,78;Não
CT-0745-1;Pesquisa de mercado - Beta Consultoria 4 Ltda;42207701000131;2022-03-14;2027-11-01;760805,46;Sim
CT-0746-1;Mídia - Gama Consultoria 4 Ltda;33961181000169;2022-08-26;2026-11-06;198991,86;Não
CT-0748-1;Tributos - Sigma Consultoria 4 Ltda;78509551000113;2021-04-15;2026-10-02;285674,85;Não
CT-0748-2;Tributos - Sigma Consultoria 4 Ltda;78509551000113;2022-09-15;2027-06-14;183235,04;Não
CT-0749-1;Serviços de TI - Ômega Consultoria 4 Ltda;76274623000149;2022-12-30;2027-06-14;170936,3;Sim
CT-0750-1;Tributos - Atlas Consultoria 4 Ltda;34083637000143;2020-11-02;2027-11-01;598694,14;Sim
CT-0751-1;Engenharia - Vértice Consultoria 4 Ltda;82335097000187;2021-05-09;2026-11-06;1066849,18;Sim
CT-0751-2;Engenharia - Vértice Consultoria 4 Ltda;82335097000187;2020-09-21;2027-01-15;1091679,98;Não
CT-0752-1;Auditoria - Horizonte Consultoria 4 Ltda;54734748000119;2022-02-20;2026-09-07;449246,33;Não
CT-0753-1;Brindes - Prisma Consultoria 4 Ltda;64290546000161;2021-03-06;2026-09-07;770501,07;Não
CT-0755-1;Mídia - Aurora Consultoria 4 Ltda;83372278000153;2022-04-02;2026-10-15;223683,34;Não
CT-0755-2;Mídia - Aurora Consultoria 4 Ltda;83372278000153;2021-03-13;2026-09-07;502052,69;Não
CT-0756-1;Controle de acesso - Zênite Consultoria 4 Ltda;17872220000152;2022-02-17;2027-02-24;382926,23;Sim
CT-0756-2;Controle de acesso - Zênite Consultoria 4 Ltda;17872220000152;2021-09-15;2028-06-08;526202,49;Não
CT-0757-1;Impressão - Órbita Consultoria 4 Ltda;48226444000126;2022-08-24;2026-10-15;542959,76;Não
CT-0758-1;Vigilância - Vetor Consultoria 4 Ltda;47047776000135;2021-01-24;2026-11-06;249678,63;Não
CT-0759-1;Auditoria - Pilar Consultoria 4 Ltda;56301762000168;2021-06-04;2026-10-02;244214,76;Não
CT-0760-1;Engenharia - Rota Consultoria 4 Ltda;50559558000190;2022-06-25;2027-11-01;144905,5;Sim
CT-0761-1;Serviços de TI - Elo Consultoria 4 Ltda;64967080000142;2022-03-04;2027-03-21;113614,25;Não
CT-0761-2;Serviços de TI - Elo Consultoria 4 Ltda;64967080000142;2020-12-12;2028-06-08;137984,06;Sim
CT-0762-1;Passagens - Farol Consultoria 4 Ltda;43013042000133;2021-07-24;2027-01-15;796116,46;Não
CT-0764-1;Brindes - Lume Consultoria 4 Ltda;87743007000138;2022-09-29;2026-09-07;1125962,06;Sim
CT-0765-1;Engenharia - Cume Consultoria 4 Ltda;71008080000121;2023-01-19;2026-10-02;421179,37;Não
CT-0766-1;Transporte de valores - Sol Consultoria 4 Ltda;17628180000152;2020-12-10;2027-01-15;368577,37;Não
CT-0768-1;Mídia - Alfa Engenharia 4 Ltda;74202388000116;2020-12-03;2027-03-21;89114,4;Sim
CT-0768-2;Mídia - Alfa Engenharia 4 Ltda;74202388000116;2020-10-20;2027-01-15;142440,47;Sim
CT-0769-1;Passagens - Beta Engenharia 4 Ltda;38928468000177;2021-07-07;2027-06-14;361426,83;Não
CT-0770-1;Armazenagem - Gama Engenharia 4 Ltda;11821859000115;2022-03-06;2027-03-21;1333062,27;Não
CT-0772-1;Eventos - Sigma Engenharia 4 Ltda;21988507000119;2022-08-18;2026-09-07;481040,69;Sim
CT-0773-1;Vigilância - Ômega Engenharia 4 Ltda;83473204000193;2022-08-28;2027-03-21;324073,67;Não
CT-0774-1;Energia elétrica - Atlas Engenharia 4 Ltda;61627268000140;2021-09-24;2028-06-08;893566,71;Sim
CT-0774-2;Energia elétrica - Atlas Engenharia 4 Ltda;61627268000140;2020-09-25;2026-10-15;706211,33;Não
CT-0775-1;Telecom - Vértice Engenharia 4 Ltda;99593863000142;2022-06-08;2027-11-01;245635,04;Não
CT-0776-1;Energia elétrica - Horizonte Engenharia 4 Ltda;34021041000188;2022-11-02;2026-12-11;14915732,11;Sim
CT-0778-1;Tributos - Núcleo Engenharia 4 Ltda;51995767000171;2022-11-20;2026-12-11;380017,09;Não
CT-0779-1;Armazenagem - Aurora Engenharia 4 Ltda;76986082000172;2021-10-30;2027-11-01;140593,34;Não
CT-0781-1;Software - Órbita Engenharia 4 Ltda;14946513000114;2022-12-17;2026-10-15;134353,08;Não
CT-0782-1;Telecom - Vetor Engenharia 4 Ltda;47093147000160;2022-03-24;2026-10-15;126724,55;Não
CT-0785-1;Software - Elo Engenharia 4 Ltda;60651073000130;2022-01-29;2026-09-07;177555,99;Não
CT-0785-2;Software - Elo Engenharia 4 Ltda;60651073000130;2022-05-07;2027-06-14;148696,16;Não
CT-0786-1;Hospedagem - Farol Engenharia 4 Ltda;85695197000157;2022-05-15;2027-11-01;251100,26;Não
CT-0787-1;Mobiliário - Âncora Engenharia 4 Ltda;91788482000189;2020-12-19;2026-12-11;924810,87;Não
CT-0788-1;Obras civis - Lume Engenharia 4 Ltda;32748971000175;2022-07-29;2026-09-07;203296,57;Não
CT-0788-2;Obras civis - Lume Engenharia 4 Ltda;32748971000175;2022-09-29;2026-11-06;122479,33;Não
CT-0789-1;Obras civis - Cume Engenharia 4 Ltda;55916641000138;2022-09-26;2028-06-08;50596,64;Não
CT-0789-2;Obras civis - Cume Engenharia 4 Ltda;55916641000138;2021-09-25;2026-10-02;809070,74;Não
CT-0791-1;Design - Mar Engenharia 4 Ltda;98498269000193;2021-07-16;2027-03-21;65174,15;Não
CT-0792-1;Infraestrutura - Alfa Logística 4 Ltda;25340117000151;2020-11-08;2026-09-07;2770565,36;Sim
CT-0793-1;Controle de acesso - Beta Logística 4 Ltda;27798831000195;2021-08-03;2026-10-15;236171,73;Não
CT-0794-1;BPO - Gama Logística 4 Ltda;77201711000140;2022-05-02;2027-01-15;517381,25;Sim
CT-0796-1;Pesquisa de mercado - Sigma Logística 4 Ltda;81300449000198;2020-08-20;2026-09-07;280925,16;Não
CT-0796-2;Pesquisa de mercado - Sigma Logística 4 Ltda;81300449000198;2022-10-17;2026-12-11;294189,24;Não
CT-0797-1;Pesquisa de mercado - Ômega Logística 4 Ltda;85614453000161;2022-05-21;2027-03-21;328481,9;Não
CT-0798-1;Infraestrutura - Atlas Logística 4 Ltda;24854288000131;2020-09-18;2026-10-15;342335,78;Não
CT-0799-1;Mobiliário - Vértice Logística 4 Ltda;26319918000118;2023-01-08;2027-03-21;945283,24;Não
CT-0799-2;Mobiliário - Vértice Logística 4 Ltda;26319918000118;2021-07-20;2026-09-07;305999,42;Sim
CT-0800-1;Vigilância - Horizonte Logística 4 Ltda;51537819000196;2022-09-28;2026-12-11;339540,99;Não
CT-0800-2;Vigilância - Horizonte Logística 4 Ltda;51537819000196;2021-07-08;2027-03-21;574029,55;Não
CT-0801-1;Mobiliário - Prisma Logística 4 Ltda;31328445000186;2020-10-10;2026-09-07;526275,74;Sim
CT-0804-1;Design - Zênite Logística 4 Ltda;36743749000186;2022-06-07;2026-12-11;1600293,64;Não
CT-0805-1;Hospedagem - Órbita Logística 4 Ltda;29197897000112;2021-08-31;2026-10-15;1089162,59;Não
CT-0806-1;Manutenção predial - Vetor Logística 4 Ltda;91302890000157;2020-09-20;2026-12-11;138799,42;Não
CT-0807-1;Eventos - Pilar Logística 4 Ltda;67858252000189;2021-05-31;2026-10-15;530167,55;Não
CT-0807-2;Eventos - Pilar Logística 4 Ltda;67858252000189;2020-09-12;2027-01-15;300119,69;Não
CT-0808-1;Engenharia - Rota Logística 4 Ltda;49493432000161;2021-07-28;2026-12-11;69089,82;Não
CT-0808-2;Engenharia - Rota Logística 4 Ltda;49493432000161;2022-09-12;2027-06-14;73661,18;Sim
CT-0809-1;Tributos - Elo Logística 4 Ltda;40301608000176;2022-03-28;2027-02-24;126168,17;Não
CT-0809-2;Tributos - Elo Logística 4 Ltda;40301608000176;2020-12-04;2026-09-07;92709,44;Não
CT-0811-1;Pesquisa de mercado - Âncora Logística 4 Ltda;90692241000147;2021-03-19;2027-03-21;1138688,95;Não
CT-0812-1;Transporte de valores - Lume Logística 4 Ltda;40481168000118;2021-03-16;2027-11-01;534653,86;Não
CT-0814-1;Infraestrutura - Sol Logística 4 Ltda;51925200000191;2021-01-23;2027-11-01;1927892,69;Sim
CT-0814-2;Infraestrutura - Sol Logística 4 Ltda;51925200000191;2022-04-26;2026-09-07;514947,04;Não
CT-0815-1;BPO - Mar Logística 4 Ltda;22132508000192;2022-03-19;2026-10-02;261319,26;Não
CT-0817-1;Software - Beta Digital 4 Ltda;40398337000185;2023-01-26;2028-06-08;221637,88;Não
CT-0817-2;Software - Beta Digital 4 Ltda;40398337000185;2022-12-21;2027-01-15;279231,57;Não
CT-0820-1;BPO - Sigma Digital 4 Ltda;19344308000185;2022-07-24;2027-01-15;255464,78;Sim
CT-0821-1;Passagens - Ômega Digital 4 Ltda;33130723000144;2021-09-13;2027-01-15;116945,31;Não
CT-0821-2;Passagens - Ômega Digital 4 Ltda;33130723000144;2021-10-14;2026-12-11;279453,12;Sim
CT-0822-1;Auditoria - Atlas Digital 4 Ltda;30790614000157;2021-07-18;2027-01-15;56536,41;Sim
CT-0822-2;Auditoria - Atlas Digital 4 Ltda;30790614000157;2022-12-02;2026-10-02;100033,82;Sim
CT-0823-1;Design - Vértice Digital 4 Ltda;98777610000124;2022-07-21;2026-12-11;144785,86;Sim
CT-0825-1;Combate a incêndio - Prisma Digital 4 Ltda;82182615000159;2021-05-27;2027-02-24;1600201,44;Não
CT-0827-1;Consultoria - Aurora Digital 4 Ltda;56327407000128;2023-01-04;2027-02-24;247410,74;Sim
CT-0831-1;Combate a incêndio - Pilar Digital 4 Ltda;86860140000197;2021-12-09;2027-02-24;255098,51;Não
CT-0833-1;Hospedagem - Elo Digital 4 Ltda;13095063000197;2020-12-18;2026-10-15;228316,33;Não
CT-0833-2;Hospedagem - Elo Digital 4 Ltda;13095063000197;2020-11-22;2027-06-14;319462,01;Sim
CT-0835-1;Impressão - Âncora Digital 4 Ltda;95583575000143;2022-11-06;2026-12-11;1118008,49;Não
CT-0836-1;Obras civis - Lume Digital 4 Ltda;93920339000171;2021-08-26;2026-09-07;130276,62;Não
CT-0837-1;Telecom - Cume Digital 4 Ltda;25583545000175;2020-09-22;2027-01-15;420510,25;Não
CT-0840-1;Design - Alfa Comercial 4 Ltda;70148928000169;2021-08-27;2027-02-24;153868,87;Não
CT-0841-1;Passagens - Beta Comercial 4 Ltda;99005265000192;2021-06-11;2027-06-14;2407895,74;Não
CT-0843-1;Telecom - Delta Comercial 4 Ltda;77000585000111;2021-07-22;2028-06-08;417386,44;Sim
CT-0844-1;Engenharia - Sigma Comercial 4 Ltda;58041600000151;2022-08-31;2027-11-01;1711913,54;Não
CT-0845-1;Software - Ômega Comercial 4 Ltda;54161582000151;2021-07-11;2028-06-08;134687,12;Não
CT-0846-1;BPO - Atlas Comercial 4 Ltda;13790228000151;2022-09-03;2026-10-02;141098,94;Não
CT-0846-2;BPO - Atlas Comercial 4 Ltda;13790228000151;2022-08-23;2028-06-08;109778,67;Não
CT-0847-1;Auditoria - Vértice Comercial 4 Ltda;46205799000111;2022-05-20;2027-11-01;1027772,24;Não
CT-0848-1;Brindes - Horizonte Comercial 4 Ltda;85019875000141;2021-02-10;2027-02-24;6551672,61;Não
CT-0849-1;Armazenagem - Prisma Comercial 4 Ltda;29350134000115;2020-12-10;2027-06-14;536226,76;Sim
CT-0850-1;Impressão - Núcleo Comercial 4 Ltda;37352619000159;2022-12-16;2026-10-02;1142581,28;Não
CT-0851-1;Software - Aurora Comercial 4 Ltda;88858798000197;2022-09-27;2027-11-01;154402,97;Não
CT-0852-1;Infraestrutura - Zênite Comercial 4 Ltda;67710230000114;2022-07-21;2026-11-06;11358494,35;Não
CT-0853-1;Brindes - Órbita Comercial 4 Ltda;67740790000119;2022-12-26;2026-11-06;175983,93;Não
CT-0857-1;Tributos - Elo Comercial 4 Ltda;82913420000136;2021-09-22;2027-02-24;171339,82;Não
CT-0857-2;Tributos - Elo Comercial 4 Ltda;82913420000136;2021-09-14;2027-01-15;128507,28;Não
CT-0858-1;BPO - Farol Comercial 4 Ltda;84481959000153;2021-03-21;2027-06-14;144590,55;Sim
CT-0860-1;Mobiliário - Lume Comercial 4 Ltda;58812970000177;2021-12-28;2027-03-21;1142294,24;Não
CT-0861-1;Mobiliário - Cume Comercial 4 Ltda;90042345000192;2020-11-26;2027-02-24;400647,28;Não
CT-0863-1;Software - Mar Comercial 4 Ltda;79939947000137;2022-07-22;2026-11-06;136876,44;Não
CT-0864-1;Hospedagem - Alfa Soluções 5 Ltda;73255502000135;2021-04-08;2027-02-24;324424,55;Não
CT-0864-2;Hospedagem - Alfa Soluções 5 Ltda;73255502000135;2021-01-30;2027-03-21;89453,08;Não
CT-0865-1;Serviços de TI - Beta Soluções 5 Ltda;47821746000155;2022-10-09;2027-06-14;88646,57;Sim
CT-0866-1;Infraestrutura - Gama Soluções 5 Ltda;26566033000113;2021-11-07;2027-01-15;3171729,42;Não
CT-0866-2;Infraestrutura - Gama Soluções 5 Ltda;26566033000113;2021-05-22;2027-01-15;2988809,84;Não
CT-0867-1;Armazenagem - Delta Soluções 5 Ltda;98777810000175;2022-02-25;2026-09-07;1943502,9;Não
CT-0868-1;Vigilância - Sigma Soluções 5 Ltda;63134423000145;2022-04-06;2026-12-11;179810,71;Não
CT-0868-2;Vigilância - Sigma Soluções 5 Ltda;63134423000145;2022-12-28;2026-09-07;1125446,24;Sim
CT-0869-1;Brindes - Ômega Soluções 5 Ltda;74839762000180;2021-12-19;2027-06-14;220253,58;Não
CT-0870-1;Controle de acesso - Atlas Soluções 5 Ltda;70879792000115;2020-12-25;2028-06-08;60424,55;Não
CT-0871-1;Consultoria - Vértice Soluções 5 Ltda;94906967000174;2022-03-26;2026-11-06;1708980,5;Não
CT-0872-1;Mobiliário - Horizonte Soluções 5 Ltda;99925254000111;2022-02-20;2027-03-21;803668,23;Não
CT-0874-1;Impressão - Núcleo Soluções 5 Ltda;49128464000142;2021-10-15;2027-02-24;270408,26;Não
CT-0877-1;Obras civis - Órbita Soluções 5 Ltda;76148609000133;2020-12-22;2026-10-15;83269,03;Não
CT-0877-2;Obras civis - Órbita Soluções 5 Ltda;76148609000133;2022-06-17;2026-12-11;173924,32;Sim
CT-0878-1;Infraestrutura - Vetor Soluções 5 Ltda;62604353000143;2021-01-06;2026-09-07;302140,44;Não
CT-0878-2;Infraestrutura - Vetor Soluções 5 Ltda;62604353000143;2020-11-09;2027-03-21;132682,5;Não
CT-0879-1;Infraestrutura - Pilar Soluções 5 Ltda;43446391000147;2022-09-26;2026-10-02;214714,75;Sim
CT-0880-1;Vigilância - Rota Soluções 5 Ltda;73587453000141;2022-05-25;2026-11-06;446924,45;Não
CT-0882-1;Engenharia - Farol Soluções 5 Ltda;12919975000191;2021-09-11;2027-03-21;193576,34;Sim
CT-0883-1;Design - Âncora Soluções 5 Ltda;84607881000133;2022-12-17;2027-01-15;152229,72;Não
CT-0884-1;Tributos - Lume Soluções 5 Ltda;52605981000176;2022-05-26;2028-06-08;341493,69;Não
CT-0884-2;Tributos - Lume Soluções 5 Ltda;52605981000176;2020-09-02;2027-03-21;162540,85;Não
CT-0885-1;Telecom - Cume Soluções 5 Ltda;13508693000165;2021-08-22;2026-09-07;134611,81;Não
CT-0885-2;Telecom - Cume Soluções 5 Ltda;13508693000165;2022-09-07;2028-06-08;693780,88;Não
CT-0886-1;Eventos - Sol Soluções 5 Ltda;76715653000142;2021-11-24;2026-10-15;227088,33;Não
CT-0888-1;Pesquisa de mercado - Alfa Serviços 5 Ltda;77767242000117;2022-06-26;2026-11-06;35149,56;Não
CT-0888-2;Pesquisa de mercado - Alfa Serviços 5 Ltda;77767242000117;2021-05-21;2026-10-02;210676,69;Não
CT-0889-1;Pesquisa de mercado - Beta Serviços 5 Ltda;69412547000121;2022-04-19;2027-11-01;352483,67;Não
CT-0890-1;Engenharia - Gama Serviços 5 Ltda;62328357000167;2022-10-01;2026-10-02;118195,14;Sim
CT-0891-1;Pesquisa de mercado - Delta Serviços 5 Ltda;53263875000184;2021-09-27;2026-11-06;645198,38;Não
CT-0891-2;Pesquisa de mercado - Delta Serviços 5 Ltda;53263875000184;2021-01-30;2028-06-08;245277,5;Não
CT-0893-1;Mobiliário - Ômega Serviços 5 Ltda;22308632000196;2020-11-23;2027-01-15;1489731,06;Não
CT-0893-2;Mobiliário - Ômega Serviços 5 Ltda;22308632000196;2022-03-06;2026-12-11;412022,92;Não
CT-0894-1;Telecom - Atlas Serviços 5 Ltda;62428182000112;2022-04-09;2028-06-08;280188,09;Sim
CT-0895-1;Serviços de TI - Vértice Serviços 5 Ltda;26549887000147;2021-08-29;2026-12-11;198508,49;Sim
CT-0896-1;Impressão - Horizonte Serviços 5 Ltda;42681080000168;2021-06-12;2027-11-01;304451,69;Sim
CT-0898-1;Eventos - Núcleo Serviços 5 Ltda;34231805000117;2022-06-11;2028-06-08;1544096,64;Não
CT-0898-2;Eventos - Núcleo Serviços 5 Ltda;34231805000117;2021-04-24;2028-06-08;767788,67;Não
CT-0899-1;Infraestrutura - Aurora Serviços 5 Ltda;14198662000151;2021-02-01;2028-06-08;535710,17;Não
CT-0899-2;Infraestrutura - Aurora Serviços 5 Ltda;14198662000151;2021-01-19;2028-06-08;99369,79;Não
CT-0900-1;Vigilância - Zênite Serviços 5 Ltda;20116417000126;2022-03-15;2026-11-06;225452,43;Não
CT-0901-1;Software - Órbita Serviços 5 Ltda;46048365000192;2021-07-05;2027-03-21;106541,37;Não
CT-0904-1;Pesquisa de mercado - Rota Serviços 5 Ltda;64454407000132;2022-09-18;2027-02-24;349073,78;Não
CT-0905-1;Brindes - Elo Serviços 5 Ltda;66686134000112;2022-10-11;2028-06-08;1318822,46;Sim
CT-0906-1;Serviços de TI - Farol Serviços 5 Ltda;47421955000169;2022-04-29;2026-10-02;114635,54;Sim
CT-0906-2;Serviços de TI - Farol Serviços 5 Ltda;47421955000169;2022-06-15;2027-03-21;1300810,36;Não
CT-0907-1;Mídia - Âncora Serviços 5 Ltda;39510300000120;2022-08-02;2028-06-08;231434,26;Não
CT-0908-1;Pesquisa de mercado - Lume Serviços 5 Ltda;13954730000124;2022-04-17;2026-12-11;9986353,12;Sim
CT-0909-1;Pesquisa de mercado - Cume Serviços 5 Ltda;19778247000159;2022-12-24;2028-06-08;1832709,17;Não
CT-0910-1;Infraestrutura - Sol Serviços 5 Ltda;61599405000115;2021-02-23;2027-06-14;221376,59;Não
CT-0911-1;Impressão - Mar Serviços 5 Ltda;97246718000122;2021-08-20;2027-02-24;729271,22;Sim
CT-0912-1;Telecom - Alfa Tecnologia 5 Ltda;31560499000127;2020-09-07;2026-10-15;389127,23;Não
CT-0912-2;Telecom - Alfa Tecnologia 5 Ltda;31560499000127;2021-03-12;2026-11-06;301713,54;Sim
CT-0913-1;Manutenção predial - Beta Tecnologia 5 Ltda;38295940000176;2021-04-05;2028-06-08;1182931,14;Não
CT-0914-1;Vigilância - Gama Tecnologia 5 Ltda;56158936000164;2022-12-11;2028-06-08;2254914,69;Não
CT-0914-2;Vigilância - Gama Tecnologia 5 Ltda;56158936000164;2022-05-02;2027-11-01;3501049,5;Sim
CT-0915-1;Brindes - Delta Tecnologia 5 Ltda;48062997000124;2021-10-24;2026-11-06;293452,13;Não
CT-0917-1;Telecom - Ômega Tecnologia 5 Ltda;37688517000114;2022-05-12;2026-10-15;600288,25;Não
CT-0918-1;BPO - Atlas Tecnologia 5 Ltda;52881040000111;2021-06-18;2027-03-21;533766,28;Não
CT-0920-1;Controle de acesso - Horizonte Tecnologia 5 Ltda;36022380000159;2022-07-28;2027-03-21;518293,14;Não
CT-0922-1;Tributos - Núcleo Tecnologia 5 Ltda;49385869000145;2022-08-07;2026-10-15;405964,56;Não
CT-0923-1;Obras civis - Aurora Tecnologia 5 Ltda;17337774000187;2023-01-10;2026-12-11;292667,21;Não
CT-0923-2;Obras civis - Aurora Tecnologia 5 Ltda;17337774000187;2021-10-04;2028-06-08;108820,62;Não
CT-0925-1;Hospedagem - Órbita Tecnologia 5 Ltda;66875449000186;2020-12-09;2026-10-02;63317,16;Não
CT-0925-2;Hospedagem - Órbita Tecnologia 5 Ltda;66875449000186;2021-09-23;2028-06-08;223687,9;Sim
CT-0926-1;Mobiliário - Vetor Tecnologia 5 Ltda;88618771000145;2023-01-12;2027-01-15;673288,56;Não
CT-0927-1;Mobiliário - Pilar Tecnologia 5 Ltda;86240970000153;2022-10-05;2027-06-14;3035086,53;Não
CT-0930-1;Armazenagem - Farol Tecnologia 5 Ltda;32330917000190;2022-10-31;2027-02-24;1358154,12;Sim
CT-0930-2;Armazenagem - Farol Tecnologia 5 Ltda;32330917000190;2021-09-26;2026-10-15;2199838,04;Não
CT-0931-1;Consultoria - Âncora Tecnologia 5 Ltda;56169831000125;2021-07-02;2027-01-15;525880,16;Sim
CT-0932-1;Armazenagem - Lume Tecnologia 5 Ltda;98581670000150;2022-03-15;2026-10-02;2050471,37;Sim
CT-0933-1;BPO - Cume Tecnologia 5 Ltda;14563828000124;2022-09-24;2027-03-21;90390029,01;Sim
CT-0934-1;Armazenagem - Sol Tecnologia 5 Ltda;44342042000196;2022-10-19;2028-06-08;287493,54;Não
CT-0936-1;Combate a incêndio - Alfa Sistemas 5 Ltda;61194264000148;2020-12-05;2027-03-21;2692302,76;Não
CT-0936-2;Combate a incêndio - Alfa Sistemas 5 Ltda;61194264000148;2020-10-16;2026-12-11;185827,82;Sim
CT-0937-1;Hospedagem - Beta Sistemas 5 Ltda;35465620000162;2020-11-29;2028-06-08;505164,13;Não
CT-0937-2;Hospedagem - Beta Sistemas 5 Ltda;35465620000162;2021-06-03;2026-10-02;479506,17;Não
CT-0939-1;Controle de acesso - Delta Sistemas 5 Ltda;12402302000120;2021-01-19;2026-10-02;1210388,83;Não
CT-0941-1;Engenharia - Ômega Sistemas 5 Ltda;13887498000178;2022-04-02;2027-03-21;142157,36;Não
CT-0942-1;Infraestrutura - Atlas Sistemas 5 Ltda;97103491000119;2022-02-21;2028-06-08;486028,46;Não
CT-0943-1;Energia elétrica - Vértice Sistemas 5 Ltda;86936350000110;2022-09-18;2028-06-08;506158,71;Sim
CT-0944-1;Engenharia - Horizonte Sistemas 5 Ltda;40479140000178;2022-02-21;2027-01-15;211089,58;Não
CT-0945-1;Eventos - Prisma Sistemas 5 Ltda;82315541000129;2022-08-20;2026-12-11;206891,93;Não
CT-0945-2;Eventos - Prisma Sistemas 5 Ltda;82315541000129;2021-12-03;2027-01-15;313152,15;Não
CT-0947-1;Armazenagem - Aurora Sistemas 5 Ltda;43365712000181;2020-10-11;2027-02-24;104466,73;Sim
CT-0950-1;Consultoria - Vetor Sistemas 5 Ltda;79346111000126;2021-11-21;2027-06-14;318569,34;Não
CT-0951-1;Telecom - Pilar Sistemas 5 Ltda;95044342000115;2021-05-11;2028-06-08;191287,57;Não
CT-0952-1;Impressão - Rota Sistemas 5 Ltda;26249537000145;2022-12-12;2026-10-15;266079,87;Não
CT-0953-1;Design - Elo Sistemas 5 Ltda;13647579000125;2022-07-18;2026-09-07;642477,39;Não
CT-0954-1;Infraestrutura - Farol Sistemas 5 Ltda;72282106000138;2022-10-17;2026-12-11;1815702,23;Não
CT-0955-1;Controle de acesso - Âncora Sistemas 5 Ltda;45598760000189;2022-01-20;2028-06-08;87337,9;Sim
CT-0956-1;Energia elétrica - Lume Sistemas 5 Ltda;92358483000179;2021-07-21;2027-03-21;527335,42;Não
CT-0956-2;Energia elétrica - Lume Sistemas 5 Ltda;92358483000179;2022-11-14;2027-03-21;189498,97;Não
CT-0957-1;Vigilância - Cume Sistemas 5 Ltda;51085574000120;2021-10-12;2026-11-06;297620,47;Sim
CT-0958-1;Mídia - Sol Sistemas 5 Ltda;71689820000142;2021-01-26;2026-09-07;177511,69;Não
CT-0960-1;Transporte de valores - Alfa Consultoria 5 Ltda;52946062000167;2021-07-13;2027-01-15;4160226,14;Não
CT-0961-1;Manutenção predial - Beta Consultoria 5 Ltda;38242797000184;2022-12-08;2026-09-07;231309,47;Não
CT-0961-2;Manutenção predial - Beta Consultoria 5 Ltda;38242797000184;2022-07-26;2027-11-01;65566,13;Sim
CT-0962-1;Pesquisa de mercado - Gama Consultoria 5 Ltda;63392635000125;2020-12-16;2027-02-24;7650113,11;Sim
CT-0965-1;BPO - Ômega Consultoria 5 Ltda;75594344000134;2020-10-11;2027-02-24;3129197,24;Não
CT-0966-1;Software - Atlas Consultoria 5 Ltda;77525579000181;2021-10-27;2026-09-07;4939847,15;Sim
CT-0966-2;Software - Atlas Consultoria 5 Ltda;77525579000181;2022-02-08;2026-10-15;5023590,26;Não
CT-0967-1;Energia elétrica - Vértice Consultoria 5 Ltda;13425116000112;2021-05-18;2026-11-06;152574251,03;Sim
CT-0967-2;Energia elétrica - Vértice Consultoria 5 Ltda;13425116000112;2021-06-06;2026-12-11;125699269,1;Não
CT-0968-1;Software - Horizonte Consultoria 5 Ltda;74708614000165;2020-10-05;2026-12-11;135334,69;Não
CT-0968-2;Software - Horizonte Consultoria 5 Ltda;74708614000165;2020-10-12;2027-06-14;68551,69;Sim
CT-0969-1;Controle de acesso - Prisma Consultoria 5 Ltda;27141337000194;2021-03-28;2027-02-24;178780,14;Sim
CT-0969-2;Controle de acesso - Prisma Consultoria 5 Ltda;27141337000194;2021-10-31;2027-06-14;128124,1;Não
CT-0970-1;Controle de acesso - Núcleo Consultoria 5 Ltda;62510182000112;2022-02-04;2026-12-11;1823819,69;Não
CT-0971-1;Mídia - Aurora Consultoria 5 Ltda;25114962000140;2021-07-19;2026-10-02;2875847,79;Sim
CT-0971-2;Mídia - Aurora Consultoria 5 Ltda;25114962000140;2021-09-27;2028-06-08;3321835,35;Não
CT-0972-1;Obras civis - Zênite Consultoria 5 Ltda;95698269000130;2022-08-20;2027-02-24;105051,96;Não
CT-0974-1;Pesquisa de mercado - Vetor Consultoria 5 Ltda;67891447000123;2021-06-03;2028-06-08;880386,0;Sim
CT-0975-1;Tributos - Pilar Consultoria 5 Ltda;45551488000118;2020-10-05;2026-09-07;138862,56;Não
CT-0976-1;Controle de acesso - Rota Consultoria 5 Ltda;45647321000149;2022-07-30;2027-06-14;258168,81;Sim
CT-0977-1;Vigilância - Elo Consultoria 5 Ltda;50890376000173;2021-05-21;2028-06-08;589484,16;Sim
CT-0978-1;Infraestrutura - Farol Consultoria 5 Ltda;16072852000195;2022-09-03;2027-02-24;1022583,99;Não
CT-0978-2;Infraestrutura - Farol Consultoria 5 Ltda;16072852000195;2020-10-01;2026-11-06;213837,68;Sim
CT-0979-1;Energia elétrica - Âncora Consultoria 5 Ltda;95550285000191;2021-10-27;2028-06-08;206569,87;Não
CT-0979-2;Energia elétrica - Âncora Consultoria 5 Ltda;95550285000191;2021-03-02;2027-06-14;326402,78;Sim
CT-0981-1;Infraestrutura - Cume Consultoria 5 Ltda;57972438000131;2021-04-25;2027-02-24;248628,34;Não
CT-0982-1;Eventos - Sol Consultoria 5 Ltda;79882111000113;2022-07-09;2026-12-11;3143604,23;Sim
CT-0983-1;Hospedagem - Mar Consultoria 5 Ltda;43865518000136;2021-07-12;2027-01-15;103589,64;Não
CT-0984-1;Telecom - Alfa Engenharia 5 Ltda;74776982000144;2022-12-28;2027-11-01;345997,59;Sim
CT-0984-2;Telecom - Alfa Engenharia 5 Ltda;74776982000144;2020-11-08;2026-12-11;386695,29;Não
CT-0985-1;Engenharia - Beta Engenharia 5 Ltda;82598728000177;2022-02-08;2027-06-14;1009459,93;Sim
CT-0985-2;Engenharia - Beta Engenharia 5 Ltda;82598728000177;2021-09-18;2027-11-01;278764,38;Sim
CT-0986-1;Passagens - Gama Engenharia 5 Ltda;86956109000188;2021-06-19;2027-01-15;1016190,92;Não
CT-0986-2;Passagens - Gama Engenharia 5 Ltda;86956109000188;2022-08-02;2027-01-15;1190237,66;Não
CT-0987-1;Design - Delta Engenharia 5 Ltda;32191671000160;2021-04-24;2027-11-01;262777,22;Não
CT-0988-1;Controle de acesso - Sigma Engenharia 5 Ltda;44341174000126;2021-09-02;2027-06-14;192634,26;Não
CT-0989-1;Obras civis - Ômega Engenharia 5 Ltda;89276745000133;2021-12-16;2026-10-15;570258,14;Não
CT-0990-1;Eventos - Atlas Engenharia 5 Ltda;28197733000162;2020-08-31;2027-01-15;675652,03;Não
CT-0991-1;Manutenção predial - Vértice Engenharia 5 Ltda;91049348000167;2021-04-24;2026-10-02;400489,85;Não
CT-0992-1;Passagens - Horizonte Engenharia 5 Ltda;27212588000132;2021-06-24;2026-09-07;114381,65;Não
CT-0993-1;Software - Prisma Engenharia 5 Ltda;52252191000153;2022-04-24;2026-09-07;1955412,63;Não
CT-0994-1;Tributos - Núcleo Engenharia 5 Ltda;22267721000198;2022-04-04;2026-09-07;1277839,79;Não
CT-0994-2;Tributos - Núcleo Engenharia 5 Ltda;22267721000198;2022-03-09;2026-10-15;703485,81;Não
CT-0995-1;Auditoria - Aurora Engenharia 5 Ltda;96251156000185;2022-07-16;2026-11-06;547555,88;Não
CT-0995-2;Auditoria - Aurora Engenharia 5 Ltda;96251156000185;2021-03-31;2026-10-15;78029,64;Não
CT-0996-1;Serviços de TI - Zênite Engenharia 5 Ltda;73978872000152;2022-10-13;2026-12-11;69538,97;Sim
CT-0997-1;Serviços de TI - Órbita Engenharia 5 Ltda;50849339000138;2023-02-03;2026-10-02;295575,93;Não
CT-0998-1;Tributos - Vetor Engenharia 5 Ltda;54032185000182;2021-09-27;2027-11-01;995594,07;Não
CT-0998-2;Tributos - Vetor Engenharia 5 Ltda;54032185000182;2021-09-12;2027-02-24;407330,5;Não
CT-0999-1;Energia elétrica - Pilar Engenharia 5 Ltda;68006545000141;2022-09-06;2027-02-24;274426,81;Não
CT-0999-2;Energia elétrica - Pilar Engenharia 5 Ltda;68006545000141;2022-03-27;2028-06-08;139839,99;Não
CT-1000-1;Combate a incêndio - Rota Engenharia 5 Ltda;47357800000149;2021-05-22;2026-11-06;10586405,75;Não
CT-1002-1;BPO - Farol Engenharia 5 Ltda;44331257000117;2022-06-18;2026-12-11;1089046,48;Não
CT-1003-1;Energia elétrica - Âncora Engenharia 5 Ltda;11764987000168;2022-05-29;2027-03-21;92523,61;Não
CT-1004-1;Engenharia - Lume Engenharia 5 Ltda;97254654000136;2022-04-24;2027-03-21;101543,74;Sim
CT-1004-2;Engenharia - Lume Engenharia 5 Ltda;97254654000136;2021-03-06;2027-11-01;91141,05;Não
CT-1005-1;Armazenagem - Cume Engenharia 5 Ltda;78528673000144;2021-10-12;2028-06-08;95610,01;Não
CT-1005-2;Armazenagem - Cume Engenharia 5 Ltda;78528673000144;2021-05-26;2027-06-14;61015,06;Não
CT-1007-1;Telecom - Mar Engenharia 5 Ltda;78086931000198;2020-10-18;2026-10-02;214312,63;Não
CT-1008-1;Mobiliário - Alfa Logística 5 Ltda;34321383000150;2022-02-11;2027-11-01;655260,31;Não
CT-1010-1;Controle de acesso - Gama Logística 5 Ltda;75508878000133;2021-10-19;2027-11-01;490626,17;Não
CT-1011-1;Tributos - Delta Logística 5 Ltda;69506732000197;2022-08-14;2026-10-15;703674,79;Sim
CT-1013-1;Vigilância - Ômega Logística 5 Ltda;67344607000155;2022-02-20;2027-06-14;188972,52;Não
CT-1014-1;Brindes - Atlas Logística 5 Ltda;29651225000125;2022-07-19;2027-01-15;1386766,29;Não
CT-1015-1;Manutenção predial - Vértice Logística 5 Ltda;57220637000110;2022-11-24;2028-06-08;117445,5;Sim
CT-1016-1;Combate a incêndio - Horizonte Logística 5 Ltda;78191704000150;2021-04-26;2027-03-21;592561,99;Não
CT-1017-1;Consultoria - Prisma Logística 5 Ltda;37147877000193;2020-10-12;2027-01-15;7159513,57;Não
CT-1020-1;Infraestrutura - Zênite Logística 5 Ltda;78682036000144;2020-10-27;2027-01-15;366173,26;Não
CT-1021-1;Consultoria - Órbita Logística 5 Ltda;44868684000195;2022-11-23;2027-11-01;590004,82;Não
CT-1022-1;Design - Vetor Logística 5 Ltda;37599087000117;2022-07-25;2026-09-07;375037,38;Não
CT-1022-2;Design - Vetor Logística 5 Ltda;37599087000117;2021-06-07;2027-06-14;54756,36;Sim
CT-1023-1;Controle de acesso - Pilar Logística 5 Ltda;44399753000181;2021-02-08;2027-03-21;242053,65;Não
CT-1025-1;Controle de acesso - Elo Logística 5 Ltda;49132918000136;2021-02-10;2028-06-08;295672,3;Não
CT-1026-1;Software - Farol Logística 5 Ltda;26599996000117;2021-03-17;2027-03-21;457273,52;Não
CT-1026-2;Software - Farol Logística 5 Ltda;26599996000117;2021-01-14;2027-03-21;230709,79;Não
CT-1028-1;Combate a incêndio - Lume Logística 5 Ltda;69938674000163;2022-11-27;2027-06-14;135818,9;Sim
CT-1029-1;Telecom - Cume Logística 5 Ltda;53680335000121;2021-12-09;2027-01-15;200261,1;Sim
CT-1029-2;Telecom - Cume Logística 5 Ltda;53680335000121;2023-01-22;2027-01-15;294383,23;Não
CT-1030-1;Serviços de TI - Sol Logística 5 Ltda;94525618000151;2020-11-21;2027-11-01;287451,85;Não
CT-1032-1;Controle de acesso - Alfa Digital 5 Ltda;11356548000122;2023-02-01;2026-10-15;923284,6;Não
CT-1033-1;Eventos - Beta Digital 5 Ltda;59286610000120;2021-04-11;2026-09-07;217194,09;Sim
CT-1034-1;Telecom - Gama Digital 5 Ltda;77518901000175;2023-01-18;2026-10-15;462345,46;Não
CT-1035-1;Transporte de valores - Delta Digital 5 Ltda;79051883000144;2020-10-29;2027-01-15;157239,02;Sim
CT-1036-1;Mobiliário - Sigma Digital 5 Ltda;27919616000174;2022-02-16;2026-12-11;611499,45;Sim
CT-1037-1;Mobiliário - Ômega Digital 5 Ltda;40504669000184;2022-01-02;2026-10-02;495941,61;Não
CT-1037-2;Mobiliário - Ômega Digital 5 Ltda;40504669000184;2022-02-20;2026-12-11;1257571,31;Não
CT-1038-1;Consultoria - Atlas Digital 5 Ltda;24418897000179;2021-12-28;2028-06-08;287512,44;Não
CT-1039-1;Auditoria - Vértice Digital 5 Ltda;66394574000115;2021-02-24;2028-06-08;562741,47;Não
CT-1040-1;Eventos - Horizonte Digital 5 Ltda;96520742000134;2021-09-30;2027-06-14;484712,11;Sim
CT-1042-1;Mídia - Núcleo Digital 5 Ltda;55923473000127;2022-08-11;2027-06-14;4263844,25;Sim
CT-1043-1;Armazenagem - Aurora Digital 5 Ltda;45468773000176;2022-05-01;2026-10-02;178620,76;Não
CT-1044-1;Manutenção predial - Zênite Digital 5 Ltda;44138490000179;2021-07-11;2026-10-02;148425,38;Não
CT-1045-1;Energia elétrica - Órbita Digital 5 Ltda;32154685000153;2022-02-01;2027-01-15;129760,29;Não
CT-1045-2;Energia elétrica - Órbita Digital 5 Ltda;32154685000153;2021-01-24;2027-06-14;108506,05;Não
CT-1048-1;Mobiliário - Rota Digital 5 Ltda;95652670000195;2021-11-08;2028-06-08;600431,4;Não
CT-1048-2;Mobiliário - Rota Digital 5 Ltda;95652670000195;2021-02-12;2027-01-15;271667,29;Sim
CT-1049-1;Mídia - Elo Digital 5 Ltda;66665431000178;2022-07-14;2027-06-14;2510582,76;Não
CT-1050-1;Infraestrutura - Farol Digital 5 Ltda;62258222000193;2022-04-20;2027-01-15;306031,5;Não
CT-1051-1;BPO - Âncora Digital 5 Ltda;43909540000139;2022-12-13;2027-02-24;404599,57;Não
CT-1052-1;Auditoria - Lume Digital 5 Ltda;23901323000183;2021-06-25;2026-11-06;726292,66;Sim
CT-1053-1;Energia elétrica - Cume Digital 5 Ltda;18239829000151;2021-09-21;2027-02-24;548558,38;Não
CT-1054-1;Manutenção predial - Sol Digital 5 Ltda;61783615000158;2022-01-31;2027-06-14;377116,09;Sim
CT-1057-1;Vigilância - Beta Comercial 5 Ltda;30377897000162;2021-10-06;2027-03-21;446164,08;Não
CT-1059-1;Serviços de TI - Delta Comercial 5 Ltda;55164973000169;2021-05-28;2026-10-15;1513689,95;Sim
CT-1060-1;Telecom - Sigma Comercial 5 Ltda;85027596000123;2022-05-27;2027-11-01;3193088,53;Não
CT-1061-1;Obras civis - Ômega Comercial 5 Ltda;10473871000168;2021-06-01;2027-06-14;433281,06;Não
CT-1062-1;Transporte de valores - Atlas Comercial 5 Ltda;65881525000159;2021-07-07;2027-01-15;1374135,15;Não
CT-1062-2;Transporte de valores - Atlas Comercial 5 Ltda;65881525000159;2022-04-18;2026-12-11;791740,38;Sim
CT-1063-1;Software - Vértice Comercial 5 Ltda;15103721000147;2020-11-25;2026-10-02;227899,32;Não
CT-1063-2;Software - Vértice Comercial 5 Ltda;15103721000147;2022-03-20;2026-12-11;321974,48;Não
CT-1064-1;Brindes - Horizonte Comercial 5 Ltda;17995419000175;2022-06-29;2027-06-14;398733,49;Não
CT-1064-2;Brindes - Horizonte Comercial 5 Ltda;17995419000175;2020-09-14;2028-06-08;248017,62;Não
CT-1065-1;Auditoria - Prisma Comercial 5 Ltda;99356827000184;2022-06-18;2028-06-08;482019,47;Não
CT-1066-1;Brindes - Núcleo Comercial 5 Ltda;21578505000138;2021-07-10;2026-11-06;400097,49;Sim
CT-1069-1;Mídia - Órbita Comercial 5 Ltda;73604097000157;2021-05-21;2026-09-07;2169847,97;Sim
CT-1070-1;Obras civis - Vetor Comercial 5 Ltda;50753614000125;2021-01-12;2026-12-11;231371,94;Não
CT-1070-2;Obras civis - Vetor Comercial 5 Ltda;50753614000125;2022-01-12;2027-02-24;119315,33;Não
CT-1071-1;BPO - Pilar Comercial 5 Ltda;13564488000151;2021-12-11;2026-11-06;264747,31;Sim
CT-1071-2;BPO - Pilar Comercial 5 Ltda;13564488000151;2022-03-15;2027-11-01;749868,43;Sim
CT-1072-1;Software - Rota Comercial 5 Ltda;79555537000135;2022-10-12;2027-01-15;105104,54;Sim
CT-1074-1;Controle de acesso - Farol Comercial 5 Ltda;48766935000155;2021-08-15;2027-01-15;241756,59;Não
CT-1077-1;Auditoria - Cume Comercial 5 Ltda;69646749000152;2021-06-23;2026-11-06;2091957,15;Não
CT-1078-1;Vigilância - Sol Comercial 5 Ltda;89228908000166;2023-01-16;2027-11-01;137061,99;Não
CT-1078-2;Vigilância - Sol Comercial 5 Ltda;89228908000166;2022-06-28;2027-11-01;365394,88;Não
CT-1079-1;Combate a incêndio - Mar Comercial 5 Ltda;58250464000137;2022-05-25;2027-02-24;511254,53;Sim
CT-1081-1;Mídia - Beta Soluções 6 Ltda;78354043000194;2023-01-28;2026-11-06;382088,66;Não
CT-1082-1;BPO - Gama Soluções 6 Ltda;74947200000117;2022-10-29;2027-11-01;484136,79;Sim
CT-1083-1;Manutenção predial - Delta Soluções 6 Ltda;55880603000190;2020-10-17;2026-09-07;350953,35;Não
CT-1083-2;Manutenção predial - Delta Soluções 6 Ltda;55880603000190;2022-04-24;2026-11-06;49834,06;Não
CT-1084-1;Impressão - Sigma Soluções 6 Ltda;80782996000132;2021-06-24;2027-02-24;600015,35;Não
CT-1085-1;Serviços de TI - Ômega Soluções 6 Ltda;38100596000135;2022-03-10;2026-10-15;62714,27;Não
CT-1087-1;Pesquisa de mercado - Vértice Soluções 6 Ltda;40163638000177;2021-03-10;2026-11-06;701685,93;Não
CT-1089-1;Pesquisa de mercado - Prisma Soluções 6 Ltda;61305982000121;2022-10-02;2027-06-14;4870567,02;Não
CT-1090-1;Energia elétrica - Núcleo Soluções 6 Ltda;47700923000188;2020-11-20;2026-10-15;5475151,15;Não
CT-1091-1;Consultoria - Aurora Soluções 6 Ltda;33770616000177;2021-03-27;2026-12-11;630095,97;Não
CT-1092-1;Auditoria - Zênite Soluções 6 Ltda;62114511000119;2022-09-16;2027-11-01;1459115,9;Sim
CT-1092-2;Auditoria - Zênite Soluções 6 Ltda;62114511000119;2021-12-17;2026-12-11;2155467,38;Sim
CT-1093-1;Vigilância - Órbita Soluções 6 Ltda;11026133000159;2021-02-03;2027-02-24;114332,81;Sim
CT-1094-1;Mobiliário - Vetor Soluções 6 Ltda;16974816000125;2021-01-16;2026-10-15;1046923,6;Sim
CT-1095-1;Mobiliário - Pilar Soluções 6 Ltda;97582637000163;2022-04-24;2028-06-08;1114525,85;Não
CT-1096-1;Pesquisa de mercado - Rota Soluções 6 Ltda;39805328000130;2021-02-20;2026-09-07;20976837,5;Sim
CT-1097-1;Design - Elo Soluções 6 Ltda;57136087000162;2022-01-30;2026-09-07;138703,55;Não
CT-1098-1;Eventos - Farol Soluções 6 Ltda;82542795000179;2020-11-05;2026-12-11;109872,68;Sim
CT-1099-1;Tributos - Âncora Soluções 6 Ltda;23175957000129;2023-01-14;2026-12-11;185950,61;Sim
CT-1100-1;Energia elétrica - Lume Soluções 6 Ltda;81371368000130;2022-08-28;2027-06-14;279037,54;Não
CT-1102-1;Armazenagem - Sol Soluções 6 Ltda;94576637000158;2022-06-18;2027-06-14;522068,04;Não
CT-1104-1;Armazenagem - Alfa Serviços 6 Ltda;66528534000190;2022-05-26;2028-06-08;186872,42;Não
CT-1105-1;Impressão - Beta Serviços 6 Ltda;44842100000149;2021-01-29;2028-06-08;414565,95;Sim
CT-1106-1;Infraestrutura - Gama Serviços 6 Ltda;83285136000131;2020-10-16;2027-11-01;54629,67;Não
CT-1107-1;Engenharia - Delta Serviços 6 Ltda;38234688000150;2023-01-20;2027-01-15;547020,64;Não
CT-1108-1;Armazenagem - Sigma Serviços 6 Ltda;36638622000124;2022-10-22;2026-11-06;217346,2;Não
CT-1109-1;Passagens - Ômega Serviços 6 Ltda;12403191000185;2021-05-30;2026-09-07;510030,71;Sim
CT-1110-1;Auditoria - Atlas Serviços 6 Ltda;41729588000117;2022-05-02;2026-10-02;124234,65;Sim
CT-1110-2;Auditoria - Atlas Serviços 6 Ltda;41729588000117;2022-09-27;2026-10-02;154623,62;Sim
CT-1111-1;Obras civis - Vértice Serviços 6 Ltda;56270001000132;2021-04-20;2027-02-24;1285499,9;Não
CT-1111-2;Obras civis - Vértice Serviços 6 Ltda;56270001000132;2020-12-10;2027-01-15;770285,56;Não
CT-1112-1;Pesquisa de mercado - Horizonte Serviços 6 Ltda;67649637000194;2022-01-24;2027-11-01;1123665,83;Sim
CT-1112-2;Pesquisa de mercado - Horizonte Serviços 6 Ltda;67649637000194;2022-08-04;2027-02-24;913158,48;Sim
CT-1113-1;Passagens - Prisma Serviços 6 Ltda;32187511000137;2020-09-12;2027-06-14;1580738,58;Não
CT-1114-1;Engenharia - Núcleo Serviços 6 Ltda;75799063000171;2021-04-06;2026-10-02;162991,08;Não
CT-1114-2;Engenharia - Núcleo Serviços 6 Ltda;75799063000171;2021-04-12;2027-03-21;94182,14;Não
CT-1115-1;Telecom - Aurora Serviços 6 Ltda;18712630000175;2021-07-12;2027-01-15;81084,77;Não
CT-1116-1;Tributos - Zênite Serviços 6 Ltda;30344773000183;2022-10-09;2027-02-24;141600,93;Não
CT-1116-2;Tributos - Zênite Serviços 6 Ltda;30344773000183;2021-09-18;2026-10-02;204013,55;Não
CT-1117-1;Engenharia - Órbita Serviços 6 Ltda;26242336000131;2023-01-27;2026-10-15;1000452,62;Não
CT-1118-1;Mídia - Vetor Serviços 6 Ltda;82946627000145;2021-05-29;2028-06-08;132767,25;Não
CT-1119-1;Pesquisa de mercado - Pilar Serviços 6 Ltda;37912782000115;2022-10-06;2026-12-11;185079,08;Não
CT-1121-1;Passagens - Elo Serviços 6 Ltda;22403375000116;2021-10-21;2027-02-24;101735,7;Não
CT-1123-1;Serviços de TI - Âncora Serviços 6 Ltda;25318379000165;2021-02-23;2026-11-06;307156,06;Não
CT-1124-1;Obras civis - Lume Serviços 6 Ltda;55408752000142;2021-01-10;2027-11-01;120369,5;Não
CT-1124-2;Obras civis - Lume Serviços 6 Ltda;55408752000142;2022-07-31;2028-06-08;92406,73;Não
CT-1125-1;Telecom - Cume Serviços 6 Ltda;10683181000141;2022-07-29;2028-06-08;3542020,38;Não
CT-1127-1;Energia elétrica - Mar Serviços 6 Ltda;14424907000191;2021-08-18;2028-06-08;246926,87;Não
CT-1129-1;Obras civis - Beta Tecnologia 6 Ltda;12267692000191;2021-04-03;2027-02-24;1510393,79;Não
CT-1129-2;Obras civis - Beta Tecnologia 6 Ltda;12267692000191;2021-05-24;2026-11-06;172420,98;Sim
CT-1132-1;Vigilância - Sigma Tecnologia 6 Ltda;37448613000122;2020-11-24;2027-06-14;204507,2;Não
CT-1134-1;Pesquisa de mercado - Atlas Tecnologia 6 Ltda;78723430000167;2021-06-13;2026-11-06;495851,77;Não
CT-1135-1;Manutenção predial - Vértice Tecnologia 6 Ltda;76879128000148;2022-11-03;2028-06-08;88837,14;Sim
CT-1136-1;Controle de acesso - Horizonte Tecnologia 6 Ltda;45604180000137;2022-03-07;2026-12-11;260087,68;Sim
CT-1137-1;Mídia - Prisma Tecnologia 6 Ltda;90570291000128;2022-11-29;2026-10-15;7963994,22;Não
CT-1137-2;Mídia - Prisma Tecnologia 6 Ltda;90570291000128;2021-10-05;2027-11-01;2154643,22;Não
CT-1138-1;Vigilância - Núcleo Tecnologia 6 Ltda;66796349000110;2020-11-28;2026-10-02;213202,03;Não
CT-1139-1;BPO - Aurora Tecnologia 6 Ltda;10202635000130;2022-02-09;2026-11-06;7185648,4;Não
CT-1139-2;BPO - Aurora Tecnologia 6 Ltda;10202635000130;2022-10-17;2027-01-15;7063825,83;Não
CT-1140-1;Combate a incêndio - Zênite Tecnologia 6 Ltda;77951589000117;2022-12-10;2026-09-07;302812,22;Não
CT-1141-1;Armazenagem - Órbita Tecnologia 6 Ltda;27601491000126;2020-09-19;2027-01-15;379700,37;Sim
CT-1142-1;Vigilância - Vetor Tecnologia 6 Ltda;27821854000192;2022-05-18;2027-11-01;231889,09;Não
CT-1142-2;Vigilância - Vetor Tecnologia 6 Ltda;27821854000192;2021-05-07;2028-06-08;349121,51;Sim
CT-1143-1;Design - Pilar Tecnologia 6 Ltda;82161381000133;2022-03-05;2027-06-14;302872,06;Não
CT-1144-1;Brindes - Rota Tecnologia 6 Ltda;86020493000197;2021-05-25;2026-10-02;361507,42;Não
CT-1145-1;Mobiliário - Elo Tecnologia 6 Ltda;81770614000160;2021-09-16;2027-03-21;286593,12;Não
CT-1145-2;Mobiliário - Elo Tecnologia 6 Ltda;81770614000160;2022-09-19;2027-06-14;190898,56;Não
CT-1146-1;Obras civis - Farol Tecnologia 6 Ltda;99538113000177;2021-01-10;2027-01-15;330511,02;Sim
CT-1147-1;Combate a incêndio - Âncora Tecnologia 6 Ltda;23822963000195;2020-10-15;2026-11-06;13692533,75;Sim
CT-1148-1;Consultoria - Lume Tecnologia 6 Ltda;88991484000133;2022-09-17;2026-11-06;141731,03;Sim
CT-1148-2;Consultoria - Lume Tecnologia 6 Ltda;88991484000133;2022-06-13;2026-10-02;969573,9;Não
CT-1150-1;Vigilância - Sol Tecnologia 6 Ltda;85784634000111;2022-07-16;2026-10-15;2063156,3;Sim
CT-1151-1;Impressão - Mar Tecnologia 6 Ltda;40908512000170;2021-03-24;2027-01-15;141033,4;Não
CT-1152-1;Telecom - Alfa Sistemas 6 Ltda;93992000000131;2022-04-13;2027-06-14;184617,29;Sim
CT-1152-2;Telecom - Alfa Sistemas 6 Ltda;93992000000131;2022-02-05;2026-12-11;320899,07;Sim
CT-1153-1;Brindes - Beta Sistemas 6 Ltda;59567041000185;2022-11-16;2027-01-15;307635,8;Não
CT-1154-1;Vigilância - Gama Sistemas 6 Ltda;36958584000186;2021-05-19;2027-03-21;99088,89;Sim
CT-1158-1;Hospedagem - Atlas Sistemas 6 Ltda;38166796000110;2022-12-11;2027-03-21;246172,7;Não
CT-1158-2;Hospedagem - Atlas Sistemas 6 Ltda;38166796000110;2022-10-25;2027-11-01;166362,53;Não
CT-1159-1;Brindes - Vértice Sistemas 6 Ltda;31553783000198;2022-08-01;2027-02-24;16477577,2;Não
CT-1160-1;Telecom - Horizonte Sistemas 6 Ltda;92096543000194;2020-10-18;2028-06-08;1444866,2;Não
CT-1161-1;Serviços de TI - Prisma Sistemas 6 Ltda;79219576000133;2022-08-29;2026-10-15;875533,42;Não
CT-1163-1;Brindes - Aurora Sistemas 6 Ltda;52133682000133;2021-10-31;2027-06-14;167843,76;Não
CT-1165-1;Software - Órbita Sistemas 6 Ltda;79092098000158;2021-04-14;2027-06-14;277034,68;Não
CT-1166-1;Manutenção predial - Vetor Sistemas 6 Ltda;70458150000147;2021-07-25;2027-06-14;257737,06;Não
CT-1166-2;Manutenção predial - Vetor Sistemas 6 Ltda;70458150000147;2021-02-09;2027-06-14;357858,3;Sim
CT-1167-1;Energia elétrica - Pilar Sistemas 6 Ltda;28514780000189;2020-09-04;2026-11-06;139759,28;Não
CT-1168-1;Impressão - Rota Sistemas 6 Ltda;61144173000128;2020-10-17;2027-06-14;153086,86;Não
CT-1169-1;Infraestrutura - Elo Sistemas 6 Ltda;49108237000178;2022-12-16;2026-09-07;234278,62;Não
CT-1174-1;Pesquisa de mercado - Sol Sistemas 6 Ltda;47894593000192;2022-01-04;2027-06-14;3969551,66;Não
CT-1176-1;Passagens - Alfa Consultoria 6 Ltda;24641189000174;2020-12-14;2027-03-21;790058,41;Não
CT-1177-1;Transporte de valores - Beta Consultoria 6 Ltda;71028039000123;2022-04-21;2026-12-11;490838,68;Sim
CT-1178-1;Controle de acesso - Gama Consultoria 6 Ltda;29161549000144;2021-05-09;2026-10-15;161079,29;Não
CT-1178-2;Controle de acesso - Gama Consultoria 6 Ltda;29161549000144;2022-05-29;2028-06-08;159816,33;Não
CT-1179-1;Serviços de TI - Delta Consultoria 6 Ltda;56396560000163;2020-10-28;2027-06-14;1697641,94;Não
CT-1182-1;Tributos - Atlas Consultoria 6 Ltda;67931081000113;2022-05-25;2027-03-21;4060212,52;Não
CT-1183-1;Infraestrutura - Vértice Consultoria 6 Ltda;49725297000150;2022-07-17;2026-09-07;161676,39;Não
CT-1184-1;Eventos - Horizonte Consultoria 6 Ltda;36337709000115;2022-02-14;2027-02-24;1371372,06;Não
CT-1184-2;Eventos - Horizonte Consultoria 6 Ltda;36337709000115;2021-11-12;2026-12-11;4021433,66;Sim
CT-1185-1;Controle de acesso - Prisma Consultoria 6 Ltda;28054378000131;2021-12-22;2026-10-02;223207,59;Não
CT-1187-1;Tributos - Aurora Consultoria 6 Ltda;32003374000130;2020-10-01;2026-09-07;945748,49;Não
CT-1188-1;Impressão - Zênite Consultoria 6 Ltda;24646007000118;2022-05-30;2026-12-11;410566,23;Não
CT-1189-1;Pesquisa de mercado - Órbita Consultoria 6 Ltda;64875232000112;2021-10-18;2027-03-21;334429,25;Não
CT-1190-1;Vigilância - Vetor Consultoria 6 Ltda;69826324000156;2022-03-08;2026-10-15;126674,37;Não
CT-1191-1;Manutenção predial - Pilar Consultoria 6 Ltda;83469538000132;2022-07-02;2028-06-08;523706,15;Não
CT-1192-1;Software - Rota Consultoria 6 Ltda;90748168000128;2021-06-16;2026-10-15;2649173,48;Sim
CT-1192-2;Software - Rota Consultoria 6 Ltda;90748168000128;2022-09-25;2026-11-06;1320552,85;Não
CT-1193-1;Obras civis - Elo Consultoria 6 Ltda;87652162000126;2021-11-19;2027-02-24;568756,53;Não
CT-1194-1;Obras civis - Farol Consultoria 6 Ltda;19098834000122;2022-12-15;2026-12-11;388831,74;Sim
CT-1195-1;Controle de acesso - Âncora Consultoria 6 Ltda;47133599000176;2022-12-22;2026-12-11;343136,14;Sim
CT-1196-1;Armazenagem - Lume Consultoria 6 Ltda;71462070000130;2021-05-05;2027-01-15;725690,19;Sim
CT-1197-1;Tributos - Cume Consultoria 6 Ltda;39444894000111;2021-01-20;2026-10-02;261829,41;Não
CT-1197-2;Tributos - Cume Consultoria 6 Ltda;39444894000111;2022-07-29;2026-10-02;589726,8;Sim
CT-1198-1;Energia elétrica - Sol Consultoria 6 Ltda;49014053000156;2020-11-25;2026-09-07;99087,3;Sim
